Date,AK,AL,AR,AZ,CA,CO,CT,DC,DE,FL,GA,HI,IA,ID,IL,IN,KS,KY,LA,MA,MD,ME,MI,MN,MO,MS,MT,NC,ND,NE,NH,NJ,NM,NV,NY,OH,OK,OR,PA,RI,SC,SD,TN,TX,UT,VA,VT,WA,WI,WV,WY
1990-03-01,0.0047,0.0155,0.0035,0.0158,0.3211,0.0019,0.7938,0.3719,0.2414,0.1269,0.0816,0.0203,0.0623,0.0002,0.015,0.027,0.0247,0.0078,0.0036,0.9621,0.0873,0.506,0.2425,0.0072,0.0578,0.0068,0.0033,0.4802,0.0064,0.0081,0.7719,0.812,0.001,0.0134,0.6057,0.0095,0.0157,0.0001,0.1824,0.796,0.0091,0.0011,0.0208,0.0017,0.0009,0.6033,0.3409,0.0007,0.0028,0.0073,0.001
1990-04-01,0.0061,0.0,0.0008,0.0114,0.3264,0.0004,0.911,0.4787,0.439,0.1455,0.1459,0.0093,0.0291,0.0003,0.021,0.0331,0.026,0.0216,0.0023,0.9978,0.232,0.839,0.2752,0.0052,0.0625,0.0048,0.0017,0.6701,0.0006,0.0006,0.9968,0.9864,0.0,0.0115,0.7109,0.0092,0.0011,0.0,0.2513,0.9849,0.0038,0.0009,0.0278,0.0001,0.0,0.7525,0.372,0.0,0.0001,0.0176,0.0016
1990-05-01,0.015,0.0005,0.001,0.024,0.3544,0.0001,0.9243,0.49,0.4569,0.1876,0.1511,0.0111,0.0129,0.0226,0.0152,0.0118,0.0278,0.0085,0.0006,0.9986,0.4276,0.9172,0.3078,0.0067,0.0448,0.0069,0.005,0.8147,0.0015,0.0008,0.9991,0.9899,0.0005,0.0135,0.7391,0.0132,0.0003,0.0006,0.2505,0.9875,0.0077,0.0011,0.0338,0.0,0.0008,0.8058,0.4344,0.0006,0.0005,0.0161,0.063
1990-06-01,0.0068,0.004,0.0014,0.0663,0.4004,0.0093,0.9508,0.4731,0.4951,0.343,0.1886,0.0122,0.008,0.0189,0.0193,0.0033,0.0579,0.0091,0.0149,0.9997,0.4559,0.9437,0.3685,0.0026,0.0529,0.0517,0.0079,0.8878,0.0108,0.0025,0.9986,0.994,0.0027,0.0107,0.8771,0.0268,0.0006,0.0015,0.2738,0.9895,0.0403,0.0051,0.0911,0.0007,0.0,0.8925,0.738,0.0002,0.0003,0.0296,0.0423
1990-07-01,0.0686,0.0096,0.0045,0.0475,0.4417,0.0055,0.9913,0.5062,0.5321,0.6207,0.4726,0.014,0.0006,0.0057,0.0388,0.0117,0.1435,0.0047,0.0033,1.0,0.6812,0.9968,0.4879,0.0007,0.1031,0.0513,0.0574,0.9579,0.0085,0.006,0.9997,0.9967,0.2753,0.0127,0.9275,0.0962,0.0014,0.0044,0.3023,0.9917,0.2587,0.0006,0.2168,0.0016,0.0003,0.9386,0.9073,0.0004,0.0017,0.0538,0.0201
1990-08-01,0.0863,0.0247,0.0148,0.0464,0.5884,0.0019,0.9964,0.4955,0.4454,0.6917,0.6428,0.0142,0.0034,0.0,0.0938,0.1571,0.0111,0.0119,0.0017,0.9999,0.6821,0.9996,0.6465,0.0012,0.1692,0.2808,0.0615,0.9908,0.007,0.0077,0.996,0.9971,0.0891,0.0356,0.9483,0.1604,0.0085,0.0099,0.3678,0.99,0.262,0.0105,0.2625,0.0047,0.0,0.9576,0.9567,0.0011,0.002,0.0732,0.003
1990-09-01,0.068,0.0283,0.0313,0.0303,0.6325,0.0016,0.9976,0.5411,0.543,0.8471,0.8526,0.0151,0.0025,0.0,0.2976,0.5726,0.0082,0.054,0.017,0.9996,0.696,0.9949,0.7309,0.0044,0.5119,0.0319,0.0487,0.9914,0.0091,0.0179,0.9905,0.9997,0.0553,0.0409,0.9791,0.2779,0.0166,0.9313,0.4445,0.9858,0.2692,0.0057,0.5636,0.0032,0.0,0.9833,0.9919,0.1367,0.0014,0.0856,0.0027
1990-10-01,0.0148,0.0476,0.1772,0.0314,0.6739,0.0061,0.9994,0.6294,0.7867,0.9396,0.9782,0.0096,0.0134,0.0083,0.3773,0.6217,0.0191,0.1068,0.0142,1.0,0.9845,0.9922,0.7567,0.0079,0.8008,0.0655,0.0027,0.9979,0.0033,0.0161,1.0,0.9999,0.0182,0.0472,0.9937,0.5321,0.1096,0.9066,0.579,0.9938,0.7516,0.0024,0.6596,0.0936,0.0,0.9989,0.9919,0.1801,0.0051,0.1045,0.0009
1990-11-01,0.0077,0.0425,0.1663,0.0323,0.8023,0.0009,0.999,0.5472,0.8471,0.9843,0.9838,0.0132,0.013,0.007,0.3683,0.6605,0.0351,0.1421,0.0076,0.9998,0.9913,0.9904,0.769,0.006,0.8453,0.13,0.0149,0.9907,0.002,0.0011,0.9999,0.9997,0.0093,0.0592,0.9959,0.5983,0.038,0.8539,0.5958,0.9937,0.9538,0.0025,0.6513,0.1181,0.0002,0.9982,0.9893,0.0128,0.0067,0.0968,0.0001
1990-12-01,0.0285,0.0458,0.1979,0.0488,0.8607,0.0089,0.9986,0.4276,0.6662,0.9923,0.9939,0.0242,0.0162,0.003,0.3611,0.6474,0.425,0.1603,0.0139,0.9997,0.9941,0.9182,0.756,0.0075,0.8959,0.2757,0.0267,0.9984,0.0026,0.0166,0.9996,0.9986,0.2176,0.0726,0.9963,0.6198,0.0137,0.8801,0.6093,0.9981,0.9945,0.0036,0.6278,0.1588,0.0003,0.9992,0.9766,0.0034,0.0111,0.0603,0.003
1991-01-01,0.1409,0.0553,0.2313,0.0335,0.945,0.0034,0.9964,0.4173,0.3987,0.9977,0.9967,0.027,0.0129,0.0003,0.3664,0.6403,0.575,0.2037,0.0029,1.0,1.0,0.7695,0.75,0.008,0.9967,0.3961,0.0337,0.9986,0.0037,0.0122,0.9998,0.9976,0.1126,0.0761,0.9987,0.6462,0.0055,0.8801,0.6215,0.9999,0.9984,0.0062,0.5534,0.1819,0.0006,0.9997,0.9809,0.0012,0.0111,0.052,0.003
1991-02-01,0.124,0.0562,0.0599,0.1824,0.9698,0.0151,0.9988,0.4647,0.5561,0.998,0.9939,0.09,0.0121,0.001,0.4428,0.6324,0.3648,0.1351,0.0085,0.9999,0.9988,0.994,0.7411,0.0184,0.9469,0.3657,0.0307,0.9941,0.0035,0.0216,0.9998,0.9981,0.0442,0.0811,0.9974,0.6457,0.0018,0.7724,0.6663,0.9999,0.9958,0.0026,0.4848,0.1312,0.0007,0.9995,0.9652,0.0027,0.007,0.0659,0.0009
1991-03-01,0.0908,0.0173,0.0232,0.1921,0.9767,0.0091,0.995,0.5473,0.3189,0.9877,0.9096,0.0995,0.0077,0.0019,0.4297,0.4807,0.0363,0.0904,0.006,0.9993,0.9956,0.997,0.6795,0.008,0.7181,0.1996,0.0341,0.9561,0.0048,0.0263,0.9988,0.9975,0.0365,0.0827,0.9962,0.4452,0.0027,0.7292,0.6533,0.9997,0.9915,0.0024,0.4113,0.1286,0.0038,0.9822,0.7691,0.0007,0.005,0.0438,0.0013
1991-04-01,0.0565,0.009,0.0251,0.2062,0.9743,0.005,0.9944,0.5631,0.4895,0.9381,0.8385,0.0772,0.0048,0.0,0.4357,0.0595,0.0117,0.0133,0.0034,0.9996,0.9951,0.9856,0.5555,0.004,0.6726,0.0742,0.0111,0.7279,0.0033,0.0371,0.997,0.9971,0.0083,0.0825,0.9966,0.3502,0.003,0.627,0.6333,0.9995,0.9882,0.0017,0.3379,0.1539,0.015,0.9641,0.3979,0.0002,0.0039,0.0619,0.0037
1991-05-01,0.0276,0.004,0.0267,0.1739,0.981,0.0026,0.995,0.5138,0.2399,0.8092,0.5355,0.0515,0.0049,0.0009,0.4741,0.0314,0.0153,0.0096,0.0024,0.9982,0.971,0.9405,0.4054,0.0031,0.2998,0.0467,0.0033,0.5897,0.0059,0.0529,0.9581,0.9916,0.0054,0.0888,0.9965,0.2444,0.0301,0.2904,0.5798,0.9957,0.8586,0.0028,0.0373,0.1194,0.0028,0.8897,0.2181,0.0002,0.0041,0.043,0.0058
1991-06-01,0.0567,0.0017,0.0023,0.1305,0.9804,0.0011,0.9939,0.4927,0.283,0.6813,0.4575,0.0291,0.0034,0.0009,0.4701,0.0103,0.0115,0.0055,0.0173,0.9922,0.9294,0.821,0.3203,0.0019,0.0431,0.0156,0.0002,0.4341,0.0018,0.0142,0.8625,0.9841,0.0018,0.0873,0.9947,0.0712,0.041,0.0603,0.4479,0.9877,0.8146,0.0051,0.0178,0.1245,0.0001,0.8306,0.1106,0.0031,0.0008,0.0312,0.0101
1991-07-01,0.0256,0.0002,0.0014,0.1278,0.9771,0.003,0.9955,0.5586,0.5141,0.4083,0.5014,0.0217,0.0019,0.0006,0.4548,0.0097,0.0006,0.0025,0.0254,0.9937,0.9237,0.7467,0.2477,0.0016,0.0053,0.0075,0.0032,0.0511,0.0017,0.0017,0.8324,0.9622,0.0004,0.0979,0.9951,0.0325,0.0855,0.0386,0.3979,0.9676,0.6529,0.0014,0.0029,0.1601,0.0001,0.8013,0.0251,0.0,0.0008,0.0533,0.0203
1991-08-01,0.0425,0.0007,0.0011,0.0375,0.9812,0.0064,0.9847,0.3384,0.5363,0.3175,0.346,0.0238,0.0114,0.0002,0.3833,0.0045,0.002,0.0012,0.0159,0.9736,0.717,0.6296,0.2163,0.0009,0.0051,0.0125,0.0015,0.0245,0.002,0.0179,0.069,0.9045,0.0032,0.0998,0.9722,0.0277,0.057,0.0181,0.1737,0.9183,0.3109,0.0155,0.0005,0.1371,0.0004,0.3032,0.0191,0.0014,0.0012,0.0431,0.0079
1991-09-01,0.0492,0.0008,0.0012,0.0147,0.9837,0.0003,0.9658,0.3501,0.2029,0.322,0.1937,0.0352,0.011,0.0004,0.1412,0.0047,0.0083,0.0015,0.007,0.946,0.6028,0.5927,0.1536,0.0021,0.0129,0.0003,0.0015,0.0093,0.0006,0.0863,0.0141,0.8398,0.0041,0.089,0.9638,0.0169,0.0149,0.0089,0.1061,0.8471,0.0903,0.0103,0.0004,0.0173,0.0015,0.191,0.0294,0.0004,0.0021,0.0279,0.0038
1991-10-01,0.0373,0.0009,0.0021,0.0034,0.9838,0.0,0.9536,0.3959,0.113,0.2921,0.1225,0.039,0.0192,0.002,0.1032,0.005,0.0081,0.0017,0.0071,0.8368,0.6088,0.5442,0.1285,0.0029,0.0173,0.0023,0.0023,0.0052,0.0084,0.3561,0.0013,0.7873,0.0347,0.1012,0.9434,0.0163,0.0133,0.006,0.0738,0.5734,0.0233,0.0052,0.0011,0.0734,0.0013,0.1391,0.021,0.0004,0.0003,0.0375,0.0038
1991-11-01,0.0089,0.0029,0.0088,0.0047,0.9888,0.0,0.9339,0.321,0.1731,0.1853,0.043,0.0475,0.0172,0.0006,0.0898,0.0044,0.0074,0.0004,0.0189,0.7208,0.5598,0.3876,0.1181,0.0111,0.0175,0.0037,0.0012,0.0075,0.0072,0.3323,0.0011,0.7179,0.0112,0.0898,0.9356,0.0108,0.0117,0.045,0.0561,0.3746,0.0057,0.0015,0.0023,0.0537,0.0012,0.0935,0.0167,0.0012,0.0012,0.0281,0.02
1991-12-01,0.0101,0.0019,0.0021,0.0059,0.9893,0.0001,0.9098,0.3215,0.2293,0.1598,0.0152,0.055,0.0044,0.0011,0.074,0.0032,0.0039,0.0006,0.025,0.5051,0.5708,0.3024,0.1093,0.0003,0.008,0.0047,0.0011,0.0044,0.0047,0.0415,0.0023,0.6882,0.0011,0.0566,0.9273,0.0101,0.0128,0.0124,0.0495,0.2839,0.0132,0.0007,0.0046,0.0417,0.005,0.0473,0.0165,0.0009,0.0005,0.021,0.0106
1992-01-01,0.0602,0.0001,0.0009,0.0072,0.9884,0.0003,0.886,0.2944,0.2224,0.042,0.002,0.0594,0.0018,0.0,0.0334,0.0013,0.0021,0.0005,0.0117,0.3663,0.5192,0.0504,0.0972,0.0001,0.0118,0.0056,0.0012,0.0005,0.0007,0.0026,0.0015,0.6473,0.0005,0.0534,0.8849,0.0037,0.0153,0.0027,0.0361,0.0018,0.0031,0.0001,0.0001,0.0376,0.0,0.0263,0.0222,0.0,0.0,0.0071,0.0036
1992-02-01,0.0211,0.0006,0.0025,0.0076,0.9844,0.0003,0.7065,0.3154,0.2324,0.0348,0.0015,0.0674,0.0011,0.0002,0.0294,0.0012,0.0064,0.0007,0.0178,0.2514,0.4336,0.0441,0.0514,0.0013,0.0055,0.0018,0.0053,0.0003,0.0035,0.0038,0.0036,0.5582,0.002,0.0388,0.828,0.0024,0.0529,0.003,0.0348,0.0011,0.0026,0.0003,0.0008,0.0084,0.0005,0.0193,0.0055,0.0006,0.0015,0.0105,0.0078
1992-03-01,0.0399,0.0003,0.0019,0.0054,0.9571,0.0002,0.3996,0.3093,0.1511,0.005,0.0004,0.072,0.0019,0.0006,0.0213,0.0014,0.01,0.0016,0.0094,0.2039,0.3131,0.032,0.0368,0.0001,0.0054,0.0022,0.002,0.0003,0.0023,0.0103,0.0013,0.5204,0.0004,0.0292,0.753,0.0023,0.0417,0.0029,0.0279,0.0017,0.0019,0.0031,0.0,0.0046,0.0007,0.0133,0.0049,0.0008,0.0015,0.0135,0.0155
1992-04-01,0.0716,0.0008,0.0009,0.0012,0.9691,0.0,0.0898,0.3094,0.0329,0.0316,0.0009,0.0743,0.0014,0.0007,0.0092,0.0004,0.0034,0.001,0.0041,0.1645,0.1,0.011,0.0268,0.0002,0.0021,0.0013,0.0012,0.0006,0.0049,0.0059,0.0002,0.391,0.0,0.0216,0.6209,0.0006,0.007,0.0003,0.014,0.0014,0.0027,0.001,0.0364,0.0027,0.001,0.0077,0.0063,0.0011,0.0,0.0121,0.0317
1992-05-01,0.1234,0.0003,0.0006,0.0003,0.9763,0.0,0.062,0.3233,0.0233,0.0028,0.0005,0.0862,0.0017,0.0001,0.0023,0.0004,0.0119,0.0009,0.0027,0.0408,0.0533,0.0082,0.0207,0.0002,0.0021,0.0015,0.0007,0.0,0.004,0.0018,0.0006,0.1739,0.0005,0.0191,0.5751,0.0033,0.0046,0.0004,0.0103,0.0036,0.0012,0.0011,0.0011,0.0014,0.0001,0.0028,0.0064,0.0001,0.0004,0.0101,0.0207
1992-06-01,0.1287,0.001,0.0031,0.0014,0.977,0.0004,0.0437,0.335,0.0389,0.0018,0.0018,0.0835,0.0044,0.0003,0.0019,0.0011,0.0207,0.0011,0.0051,0.0278,0.0398,0.0011,0.019,0.0016,0.0036,0.0027,0.0038,0.0002,0.0019,0.004,0.0109,0.0679,0.0,0.0265,0.5138,0.007,0.0286,0.0036,0.0099,0.0029,0.0018,0.002,0.001,0.0034,0.0046,0.0029,0.0045,0.0015,0.0012,0.0278,0.074
1992-07-01,0.0684,0.0004,0.0076,0.0003,0.9734,0.0,0.0216,0.3374,0.0503,0.0007,0.0001,0.086,0.0063,0.0007,0.001,0.0008,0.0102,0.0019,0.0192,0.0164,0.0228,0.0003,0.0188,0.0002,0.0009,0.0011,0.08,0.0003,0.0038,0.0082,0.0191,0.0173,0.0013,0.0094,0.4204,0.0065,0.0079,0.0004,0.0111,0.0021,0.0013,0.003,0.0002,0.001,0.0003,0.0003,0.0016,0.0057,0.0005,0.0128,0.0735
1992-08-01,0.0648,0.0001,0.0057,0.0011,0.9754,0.0004,0.0223,0.3487,0.0588,0.0008,0.0019,0.121,0.0046,0.0012,0.0002,0.0007,0.001,0.002,0.0084,0.0106,0.0274,0.0061,0.0201,0.0002,0.0015,0.0016,0.0533,0.0002,0.0019,0.0042,0.0074,0.0192,0.0022,0.0113,0.3677,0.0129,0.003,0.0059,0.0111,0.0065,0.0007,0.0017,0.0007,0.0049,0.0,0.0014,0.001,0.0004,0.0004,0.0183,0.0008
1992-09-01,0.0455,0.0378,0.0041,0.0036,0.9679,0.0001,0.0198,0.3539,0.0811,0.0003,0.0006,0.1599,0.0041,0.0053,0.0006,0.009,0.0196,0.0014,0.0154,0.0034,0.0226,0.0042,0.0177,0.0005,0.0021,0.0035,0.0294,0.0001,0.0019,0.0019,0.0008,0.0173,0.0005,0.0097,0.3095,0.0094,0.0008,0.0036,0.0123,0.0038,0.0016,0.0069,0.0004,0.0025,0.0007,0.0012,0.0011,0.0009,0.0004,0.0132,0.0051
1992-10-01,0.0794,0.0003,0.0009,0.1296,0.9492,0.0,0.0162,0.3022,0.0771,0.0,0.0,0.1651,0.0012,0.0,0.0003,0.0022,0.0072,0.0017,0.0037,0.0013,0.0099,0.0024,0.0146,0.0002,0.002,0.0004,0.0107,0.0003,0.0006,0.0026,0.0001,0.0033,0.0006,0.0269,0.2284,0.0022,0.0005,0.0006,0.0077,0.0006,0.0006,0.0036,0.0,0.0,0.0,0.0,0.0041,0.0008,0.0002,0.0073,0.0011
1992-11-01,0.0436,0.0003,0.0009,0.0431,0.9479,0.0,0.0122,0.3353,0.0051,0.0,0.0014,0.1694,0.0003,0.0001,0.0002,0.0024,0.003,0.0017,0.0029,0.0021,0.0083,0.0034,0.012,0.0003,0.0037,0.0002,0.0011,0.0,0.0011,0.0031,0.0001,0.0025,0.0002,0.0107,0.159,0.0072,0.0017,0.0018,0.0078,0.001,0.001,0.002,0.0002,0.0004,0.0,0.0011,0.0035,0.0025,0.0002,0.0083,0.0005
1992-12-01,0.0119,0.0003,0.001,0.0089,0.9408,0.0002,0.0096,0.2798,0.0069,0.0003,0.0013,0.1607,0.0011,0.0016,0.001,0.001,0.0236,0.0018,0.0046,0.0021,0.0035,0.0071,0.011,0.0006,0.0042,0.0004,0.0099,0.0,0.0005,0.0203,0.0006,0.0023,0.1201,0.0231,0.0763,0.0023,0.0025,0.0098,0.0052,0.0009,0.0017,0.0049,0.0003,0.0009,0.0006,0.0006,0.0042,0.0032,0.0004,0.0118,0.0404
1993-01-01,0.014,0.0003,0.001,0.0037,0.8724,0.0,0.0024,0.2427,0.0063,0.0003,0.0007,0.181,0.0005,0.0,0.0,0.0003,0.0243,0.0002,0.0029,0.0005,0.0024,0.0053,0.0091,0.0002,0.0023,0.001,0.0123,0.0001,0.0004,0.0151,0.0,0.0002,0.0165,0.0067,0.0268,0.0004,0.0007,0.001,0.0006,0.0009,0.0002,0.0084,0.0002,0.0001,0.0,0.0003,0.0016,0.0599,0.0002,0.016,0.0129
1993-02-01,0.0261,0.0,0.0006,0.0,0.8899,0.0,0.0092,0.4025,0.0084,0.0001,0.0002,0.1378,0.0004,0.0003,0.0007,0.0014,0.0032,0.0017,0.0038,0.0012,0.0051,0.003,0.0095,0.0006,0.0004,0.0002,0.0029,0.0,0.0092,0.0033,0.0001,0.0029,0.001,0.0062,0.0243,0.0045,0.0006,0.0001,0.0048,0.0013,0.0003,0.0023,0.0007,0.0002,0.0005,0.0004,0.004,0.0006,0.0003,0.0284,0.0115
1993-03-01,0.0216,0.001,0.0021,0.0001,0.8691,0.0,0.0316,0.5048,0.0253,0.0005,0.0022,0.136,0.0017,0.0033,0.0021,0.003,0.0031,0.0089,0.0064,0.0026,0.0367,0.0008,0.0103,0.0004,0.0027,0.0013,0.003,0.0017,0.006,0.0018,0.002,0.0137,0.0005,0.0036,0.0237,0.0126,0.0019,0.0002,0.0491,0.0032,0.0016,0.0022,0.0028,0.0003,0.0,0.0278,0.0053,0.0004,0.0011,0.0353,0.006
1993-04-01,0.0353,0.0001,0.0006,0.0,0.8014,0.0,0.0305,0.5813,0.0051,0.0,0.0003,0.135,0.0003,0.0002,0.0001,0.0009,0.0024,0.0018,0.004,0.0001,0.0011,0.0004,0.0077,0.0012,0.0,0.0004,0.0005,0.0001,0.0056,0.0001,0.0008,0.0023,0.0,0.0026,0.0115,0.0025,0.0025,0.0006,0.0069,0.0019,0.0,0.0012,0.0001,0.0004,0.0,0.0012,0.0015,0.0002,0.0054,0.0052,0.0028
1993-05-01,0.0557,0.0004,0.0015,0.0,0.6285,0.0017,0.013,0.5854,0.0057,0.0009,0.0005,0.168,0.0002,0.0001,0.0004,0.0008,0.002,0.0008,0.0024,0.0001,0.0001,0.0005,0.0083,0.0008,0.0002,0.0011,0.0018,0.0003,0.0013,0.0017,0.0001,0.0017,0.0027,0.0018,0.0065,0.0009,0.0023,0.0005,0.0042,0.0005,0.0007,0.0007,0.0001,0.0003,0.0001,0.0001,0.0019,0.0003,0.0001,0.0094,0.0014
1993-06-01,0.0169,0.0003,0.0014,0.0001,0.4817,0.0,0.0096,0.6357,0.0099,0.0002,0.0004,0.1988,0.0007,0.0009,0.0019,0.0003,0.0014,0.0003,0.0061,0.0004,0.0015,0.0011,0.0078,0.0014,0.0018,0.0028,0.0012,0.0003,0.0063,0.0026,0.0001,0.0019,0.0,0.0022,0.0049,0.0006,0.0002,0.0,0.0055,0.0009,0.0011,0.0006,0.0004,0.0002,0.0,0.0005,0.0006,0.0,0.0017,0.0232,0.0004
1993-07-01,0.03,0.0007,0.0005,0.0003,0.3721,0.0,0.0041,0.6489,0.0071,0.0001,0.0,0.2427,0.0017,0.0,0.0012,0.0006,0.008,0.0005,0.0064,0.0,0.0005,0.0001,0.006,0.0004,0.002,0.0021,0.0484,0.0,0.0021,0.0039,0.0001,0.0022,0.001,0.003,0.0036,0.0003,0.0007,0.001,0.0025,0.0004,0.0001,0.0007,0.0001,0.0,0.0,0.0001,0.007,0.0,0.0,0.014,0.0038
1993-08-01,0.0253,0.0004,0.0014,0.0002,0.3475,0.0003,0.0034,0.6559,0.0117,0.0,0.0007,0.2539,0.0013,0.0001,0.0001,0.0007,0.0051,0.002,0.0017,0.0008,0.0053,0.0008,0.0082,0.0011,0.0013,0.0003,0.0072,0.0014,0.003,0.0003,0.0001,0.0013,0.0002,0.0023,0.0077,0.0004,0.0021,0.0006,0.0031,0.0009,0.0007,0.0009,0.0003,0.0009,0.0,0.0006,0.0029,0.0026,0.0002,0.02,0.0005
1993-09-01,0.0246,0.0022,0.0007,0.0,0.315,0.0001,0.0014,0.5442,0.0145,0.0008,0.0002,0.2158,0.0006,0.0,0.0003,0.0033,0.0038,0.0009,0.0015,0.0006,0.0025,0.0005,0.0038,0.0006,0.0003,0.0008,0.0121,0.0007,0.0009,0.0016,0.0019,0.0015,0.0,0.0017,0.0079,0.0003,0.0054,0.0001,0.0037,0.0022,0.0001,0.0032,0.0004,0.0009,0.0002,0.0004,0.0016,0.001,0.0007,0.0099,0.0004
1993-10-01,0.0027,0.0,0.0,0.0,0.2535,0.0,0.0012,0.5581,0.0503,0.0,0.0,0.1852,0.0003,0.0,0.0001,0.0002,0.0049,0.0003,0.0002,0.0001,0.0007,0.0001,0.0032,0.0,0.0001,0.0,0.0035,0.0005,0.002,0.0003,0.0028,0.0002,0.0,0.0002,0.0061,0.0003,0.0009,0.0,0.0014,0.0024,0.0006,0.0003,0.0,0.0015,0.0,0.0002,0.0021,0.019,0.0001,0.0076,0.0011
1993-11-01,0.0289,0.0005,0.001,0.0007,0.1898,0.0004,0.0048,0.5314,0.0469,0.0009,0.0001,0.2107,0.0012,0.0006,0.0003,0.0006,0.0043,0.0015,0.0025,0.0001,0.0008,0.0021,0.0043,0.0002,0.0005,0.0003,0.0044,0.0003,0.002,0.001,0.0002,0.0011,0.0015,0.0014,0.0056,0.0002,0.0017,0.0004,0.0041,0.0021,0.0008,0.0004,0.0005,0.0014,0.0009,0.0007,0.0026,0.0049,0.0007,0.0192,0.0012
1993-12-01,0.066,0.0005,0.0016,0.0001,0.0954,0.0001,0.0105,0.5868,0.0274,0.0003,0.0003,0.1891,0.0009,0.0,0.0003,0.0005,0.0018,0.0123,0.0011,0.0004,0.0015,0.0022,0.003,0.0004,0.0013,0.0004,0.0012,0.0006,0.0013,0.0017,0.0002,0.0022,0.0,0.0003,0.0047,0.0003,0.0008,0.0002,0.005,0.0015,0.0005,0.0054,0.0001,0.0001,0.0001,0.0001,0.0048,0.0,0.0002,0.0433,0.001
1994-01-01,0.022,0.0012,0.0038,0.0002,0.0711,0.0,0.0408,0.7083,0.0335,0.0001,0.0003,0.1534,0.0008,0.0002,0.0013,0.001,0.0005,0.0426,0.001,0.0016,0.0078,0.001,0.0035,0.0023,0.0045,0.0014,0.0017,0.0012,0.0013,0.0005,0.0,0.0099,0.003,0.0008,0.011,0.0,0.0003,0.0003,0.0199,0.0028,0.0016,0.0008,0.0002,0.0005,0.0,0.0015,0.0049,0.0004,0.0001,0.0126,0.0033
1994-02-01,0.0172,0.0004,0.0037,0.0002,0.0435,0.0006,0.0341,0.6704,0.0405,0.0004,0.0003,0.1393,0.0011,0.0003,0.0005,0.0007,0.002,0.001,0.0017,0.001,0.0095,0.0005,0.0052,0.0002,0.0044,0.0015,0.002,0.0004,0.0006,0.001,0.0,0.0078,0.0,0.001,0.0061,0.0002,0.0049,0.0006,0.0085,0.0044,0.0007,0.0018,0.0001,0.0013,0.0,0.002,0.0013,0.0007,0.0002,0.0019,0.0029
1994-03-01,0.0652,0.0001,0.0003,0.0,0.0267,0.0,0.0059,0.5585,0.0178,0.0,0.0002,0.1278,0.0001,0.0,0.0,0.0006,0.0014,0.0,0.0007,0.0003,0.0002,0.0006,0.0037,0.0001,0.0016,0.0006,0.0016,0.0,0.0001,0.0025,0.0,0.0002,0.0003,0.0015,0.0037,0.0004,0.0019,0.0004,0.0009,0.0019,0.0004,0.0006,0.0,0.0,0.0,0.0,0.0003,0.0063,0.0001,0.0039,0.0018
1994-04-01,0.1742,0.0001,0.0001,0.0,0.0267,0.0,0.0,0.4849,0.0062,0.0,0.0005,0.1257,0.0,0.0002,0.0002,0.0076,0.0043,0.0002,0.021,0.0001,0.0001,0.0013,0.0038,0.0006,0.0004,0.0017,0.0006,0.0004,0.0008,0.0002,0.0005,0.0,0.0005,0.0008,0.0032,0.0014,0.0002,0.0004,0.0009,0.0013,0.0013,0.0039,0.0005,0.0,0.0001,0.0001,0.0042,0.0002,0.0003,0.0014,0.0015
1994-05-01,0.1148,0.0005,0.0,0.0001,0.0149,0.0,0.0015,0.5374,0.0034,0.0002,0.0003,0.1361,0.0002,0.0,0.0001,0.0008,0.0011,0.0,0.0052,0.0003,0.0007,0.0014,0.0035,0.0,0.0004,0.001,0.0005,0.0005,0.001,0.0003,0.0006,0.0006,0.0002,0.0015,0.0019,0.0004,0.0002,0.0,0.0011,0.0024,0.001,0.0027,0.0001,0.0005,0.0,0.0003,0.0023,0.0001,0.0003,0.0049,0.0016
1994-06-01,0.0339,0.0,0.0015,0.0,0.0092,0.0001,0.0006,0.6366,0.0051,0.0,0.0005,0.094,0.0,0.0006,0.0003,0.0002,0.0029,0.0012,0.0021,0.0004,0.0013,0.0026,0.0032,0.0005,0.0001,0.0004,0.002,0.0,0.0007,0.0016,0.0,0.0006,0.0,0.0022,0.0017,0.0007,0.0004,0.0006,0.0006,0.0008,0.0002,0.0004,0.0005,0.0001,0.0,0.0002,0.0017,0.0012,0.0002,0.0166,0.0045
1994-07-01,0.0316,0.0009,0.0001,0.0001,0.0052,0.0,0.0007,0.7336,0.012,0.0002,0.0002,0.0952,0.0041,0.0012,0.001,0.0004,0.0369,0.0002,0.0003,0.0002,0.0016,0.0013,0.0026,0.0013,0.0009,0.0009,0.0006,0.0002,0.0004,0.0012,0.0,0.0004,0.0001,0.0002,0.0007,0.0014,0.0002,0.0001,0.0016,0.0023,0.0009,0.0015,0.0004,0.0,0.0001,0.0001,0.0034,0.0006,0.0,0.0082,0.002
1994-08-01,0.0167,0.0001,0.0009,0.0,0.0048,0.0,0.0001,0.7907,0.0018,0.0001,0.0,0.105,0.0008,0.0013,0.0001,0.0001,0.0002,0.0002,0.0011,0.0001,0.0086,0.0009,0.0026,0.0003,0.0005,0.0072,0.0002,0.0004,0.0017,0.0036,0.0,0.0007,0.0042,0.0008,0.002,0.0009,0.0031,0.0,0.001,0.0008,0.0012,0.0131,0.0005,0.0026,0.0002,0.0002,0.0033,0.0,0.0021,0.0063,0.0002
1994-09-01,0.0111,0.0001,0.0004,0.001,0.0025,0.0,0.0006,0.7866,0.0023,0.0,0.0,0.1013,0.0005,0.0001,0.0005,0.0018,0.0007,0.0003,0.0017,0.0002,0.0004,0.0001,0.0036,0.0002,0.0012,0.0139,0.0023,0.0001,0.0007,0.0016,0.0006,0.001,0.0003,0.0012,0.0026,0.0001,0.0029,0.0,0.0014,0.0056,0.0005,0.0028,0.0,0.0009,0.0,0.0005,0.0021,0.0,0.0,0.0117,0.0572
1994-10-01,0.0679,0.0019,0.0065,0.0005,0.004,0.0,0.0005,0.8283,0.0039,0.0022,0.0001,0.1029,0.0022,0.0091,0.0107,0.0044,0.0015,0.0038,0.0023,0.0004,0.0003,0.001,0.0049,0.0017,0.0005,0.0254,0.0162,0.0003,0.0008,0.0024,0.0006,0.0002,0.0005,0.0013,0.0018,0.0,0.0094,0.0004,0.002,0.0025,0.0027,0.003,0.001,0.0001,0.0,0.0003,0.0014,0.002,0.0007,0.0324,0.0308
1994-11-01,0.0444,0.0,0.0022,0.0001,0.0017,0.0,0.0017,0.8028,0.0053,0.0,0.0,0.1155,0.0002,0.0028,0.0002,0.0006,0.0006,0.0006,0.0014,0.0,0.0008,0.0004,0.0037,0.0001,0.001,0.0041,0.0056,0.0002,0.0004,0.0004,0.0001,0.0006,0.0,0.0009,0.002,0.0004,0.0008,0.0,0.0017,0.0009,0.0012,0.0011,0.0,0.0,0.0,0.0001,0.0006,0.0002,0.0,0.0128,0.0033
1994-12-01,0.0775,0.02,0.001,0.0004,0.0018,0.0,0.0013,0.8081,0.0073,0.0152,0.0002,0.1463,0.0007,0.0001,0.0006,0.0002,0.0111,0.0002,0.0021,0.0001,0.0011,0.0024,0.0049,0.0003,0.0075,0.0025,0.0056,0.0005,0.002,0.0172,0.0001,0.001,0.0006,0.0028,0.0026,0.0,0.0006,0.0012,0.0024,0.0027,0.0003,0.0007,0.0168,0.0,0.0,0.0003,0.0006,0.0002,0.0002,0.0188,0.0301
1995-01-01,0.0558,0.0006,0.0003,0.0001,0.0033,0.0002,0.0008,0.8199,0.0084,0.0013,0.0002,0.1715,0.0002,0.0,0.0,0.0004,0.0026,0.0034,0.0035,0.0002,0.0009,0.009,0.0043,0.0,0.0641,0.0026,0.0046,0.0001,0.0075,0.0082,0.0011,0.0018,0.0,0.0041,0.0028,0.0002,0.0004,0.0006,0.004,0.0006,0.0002,0.0002,0.0029,0.0003,0.0006,0.0003,0.0032,0.0012,0.0,0.0251,0.0464
1995-02-01,0.0519,0.0009,0.0024,0.0001,0.0012,0.0002,0.0011,0.8115,0.0125,0.0,0.001,0.1879,0.0003,0.0006,0.0002,0.0006,0.0016,0.0008,0.0037,0.0003,0.0024,0.0024,0.004,0.0002,0.0072,0.0043,0.0037,0.0005,0.0038,0.004,0.0006,0.0023,0.0008,0.0005,0.0075,0.0008,0.0001,0.0002,0.0032,0.0027,0.0008,0.0013,0.0013,0.0001,0.0,0.0035,0.0027,0.0006,0.0001,0.0242,0.0429
1995-03-01,0.091,0.001,0.0038,0.0005,0.0025,0.0,0.0026,0.7629,0.0119,0.0004,0.0003,0.1996,0.0006,0.0022,0.0011,0.0012,0.0074,0.0001,0.0047,0.0003,0.001,0.0123,0.0039,0.0006,0.0014,0.0219,0.0098,0.0004,0.0023,0.0045,0.0,0.001,0.0042,0.0009,0.0088,0.0002,0.0008,0.0002,0.0028,0.0026,0.0006,0.0032,0.001,0.0005,0.0,0.0017,0.0022,0.0007,0.0003,0.0075,0.0508
1995-04-01,0.067,0.0013,0.0154,0.0001,0.0008,0.0004,0.007,0.7101,0.0226,0.0008,0.0004,0.2204,0.006,0.0484,0.0054,0.0067,0.018,0.0003,0.0081,0.0004,0.0011,0.0262,0.0042,0.0015,0.0077,0.0166,0.0249,0.001,0.006,0.0069,0.0006,0.0015,0.0084,0.0029,0.0153,0.0005,0.0006,0.0022,0.0063,0.0075,0.0003,0.0502,0.0095,0.0002,0.0003,0.0026,0.0091,0.0072,0.0018,0.0085,0.0781
1995-05-01,0.0378,0.0013,0.0147,0.0001,0.0017,0.0002,0.0051,0.7232,0.0325,0.0001,0.0015,0.2265,0.0044,0.0238,0.0066,0.0066,0.0096,0.002,0.0024,0.0023,0.0135,0.0519,0.0051,0.0014,0.0128,0.0191,0.0118,0.0007,0.0069,0.0157,0.0019,0.0052,0.0012,0.002,0.0205,0.0012,0.0018,0.0008,0.0077,0.0096,0.0006,0.0306,0.0013,0.0005,0.0001,0.0026,0.0151,0.0116,0.0035,0.0242,0.1017
1995-06-01,0.0208,0.0003,0.0015,0.0001,0.0011,0.0,0.0039,0.7267,0.0392,0.0002,0.0009,0.2165,0.0007,0.0051,0.0074,0.0033,0.0036,0.0018,0.0016,0.0011,0.0103,0.2226,0.0056,0.0005,0.0042,0.0368,0.0023,0.0004,0.0022,0.0028,0.0005,0.0059,0.0008,0.0023,0.0139,0.0006,0.0012,0.0003,0.0068,0.0077,0.0008,0.0035,0.001,0.0003,0.0001,0.0011,0.012,0.0156,0.0003,0.0297,0.067
1995-07-01,0.0617,0.0094,0.003,0.0007,0.0029,0.0003,0.0017,0.681,0.0142,0.0014,0.0217,0.2358,0.0007,0.0079,0.1071,0.0035,0.0049,0.0168,0.0019,0.0004,0.0203,0.2905,0.0068,0.0003,0.0039,0.0615,0.0008,0.0021,0.003,0.0022,0.0052,0.0017,0.0113,0.0017,0.0107,0.0047,0.0012,0.0003,0.0193,0.0074,0.0007,0.006,0.0026,0.0001,0.0002,0.0035,0.0021,0.2529,0.0043,0.0165,0.1997
1995-08-01,0.0376,0.0018,0.0009,0.0003,0.001,0.0,0.0013,0.7749,0.0033,0.0002,0.0002,0.2467,0.0005,0.0003,0.0051,0.0012,0.0021,0.0005,0.0018,0.0,0.0095,0.013,0.0051,0.0001,0.0007,0.0035,0.003,0.0041,0.0063,0.0002,0.0002,0.0003,0.0012,0.0016,0.0081,0.001,0.0006,0.0,0.005,0.0006,0.0002,0.0019,0.0001,0.0005,0.0,0.0018,0.0018,0.0085,0.0007,0.0169,0.0668
1995-09-01,0.0678,0.001,0.0013,0.0,0.001,0.0,0.0013,0.7573,0.0093,0.0001,0.0002,0.2089,0.0008,0.0,0.0003,0.0012,0.0017,0.0026,0.0032,0.0003,0.0068,0.0095,0.0058,0.0023,0.0001,0.0064,0.0034,0.0001,0.016,0.0203,0.0001,0.0021,0.0016,0.0013,0.0098,0.0005,0.0005,0.0001,0.009,0.0073,0.0017,0.0047,0.0001,0.0002,0.0,0.0019,0.0023,0.0223,0.0013,0.0315,0.0028
1995-10-01,0.071,0.0011,0.0075,0.0,0.0077,0.0004,0.0025,0.818,0.0302,0.0004,0.0018,0.1702,0.0006,0.0009,0.0278,0.0077,0.0045,0.0071,0.0192,0.0001,0.0296,0.0175,0.0066,0.0002,0.0049,0.0121,0.0065,0.0004,0.0097,0.0048,0.0,0.004,0.0058,0.0025,0.0114,0.0028,0.0001,0.0014,0.0264,0.0074,0.0119,0.0067,0.0021,0.0011,0.0008,0.0024,0.0035,0.8622,0.0017,0.0335,0.0049
1995-11-01,0.1398,0.0005,0.0054,0.0005,0.0014,0.0,0.0018,0.8373,0.0699,0.0002,0.0006,0.1407,0.0004,0.0041,0.0043,0.0087,0.0132,0.0076,0.0086,0.0007,0.05,0.0179,0.0071,0.0004,0.0023,0.0116,0.0064,0.0046,0.0029,0.0033,0.0002,0.0113,0.0011,0.0025,0.0086,0.0019,0.0001,0.0005,0.0602,0.0072,0.0028,0.0031,0.0024,0.0003,0.0002,0.0036,0.0041,0.0944,0.0016,0.0419,0.0146
1995-12-01,0.1451,0.0006,0.004,0.0001,0.0023,0.0001,0.004,0.859,0.1134,0.0004,0.0005,0.1292,0.0006,0.0054,0.0008,0.0094,0.0015,0.0063,0.0073,0.0022,0.1318,0.0175,0.0058,0.0004,0.0015,0.0071,0.0046,0.0144,0.0068,0.0072,0.0006,0.0165,0.0019,0.0023,0.0089,0.0022,0.0006,0.0004,0.1126,0.0079,0.0027,0.009,0.0049,0.0001,0.0001,0.0103,0.0021,0.0,0.0005,0.0453,0.0073
1996-01-01,0.1623,0.002,0.0078,0.0,0.0005,0.0,0.0112,0.8843,0.2089,0.0028,0.0002,0.108,0.0017,0.0051,0.0008,0.0243,0.0042,0.017,0.0018,0.0125,0.6444,0.0012,0.0092,0.0006,0.0061,0.0053,0.0015,0.11,0.0011,0.0011,0.0013,0.0302,0.0021,0.0016,0.0099,0.0016,0.0015,0.0002,0.3049,0.0072,0.0069,0.0115,0.0459,0.0042,0.0001,0.0885,0.0011,0.0,0.0001,0.0807,0.0098
1996-02-01,0.0836,0.0022,0.0158,0.0001,0.0008,0.0003,0.0009,0.7379,0.0021,0.0005,0.0001,0.0976,0.0068,0.0066,0.0011,0.0094,0.0021,0.0017,0.0027,0.001,0.0028,0.0028,0.0087,0.0006,0.0036,0.0037,0.0015,0.0009,0.0011,0.0011,0.0004,0.0003,0.0012,0.0021,0.002,0.0009,0.0018,0.0095,0.0013,0.0028,0.0009,0.0284,0.0056,0.0019,0.0003,0.0005,0.0022,0.0004,0.0076,0.0115,0.0103
1996-03-01,0.0336,0.0009,0.0047,0.0008,0.0014,0.0001,0.0007,0.7939,0.0047,0.0002,0.0001,0.1157,0.0016,0.0004,0.0007,0.0063,0.0011,0.0009,0.0037,0.0004,0.0001,0.0049,0.0113,0.0002,0.0009,0.0018,0.0021,0.0002,0.0041,0.0018,0.0011,0.0012,0.0035,0.0018,0.0041,0.004,0.0003,0.0005,0.0012,0.0037,0.0008,0.0362,0.0012,0.0002,0.0002,0.0003,0.0039,0.0,0.0015,0.015,0.0131
1996-04-01,0.0178,0.0018,0.0071,0.0035,0.0025,0.0001,0.0004,0.9637,0.0014,0.0192,0.0,0.144,0.0026,0.0003,0.0009,0.0029,0.0035,0.001,0.0008,0.0003,0.0,0.005,0.0086,0.0008,0.0019,0.0013,0.0013,0.0001,0.0026,0.0045,0.0012,0.0013,0.0003,0.0007,0.0034,0.0006,0.0009,0.0004,0.0007,0.0073,0.001,0.0211,0.7281,0.0001,0.0,0.0004,0.0021,0.0002,0.0031,0.0279,0.0072
1996-05-01,0.0243,0.0006,0.0031,0.0002,0.0004,0.0001,0.0001,0.8164,0.0069,0.0015,0.0,0.1157,0.0114,0.0002,0.0013,0.0038,0.0202,0.0006,0.0022,0.0001,0.0003,0.0048,0.0065,0.0013,0.0069,0.0027,0.005,0.0,0.0012,0.0071,0.0005,0.0003,0.0023,0.0024,0.0017,0.0009,0.0004,0.0006,0.0016,0.0041,0.0002,0.0286,0.0408,0.0003,0.0,0.0004,0.0037,0.0,0.0007,0.0153,0.0132
1996-06-01,0.0362,0.0012,0.0034,0.0002,0.0012,0.0052,0.001,0.6784,0.044,0.0008,0.0001,0.098,0.0082,0.0,0.0004,0.013,0.0071,0.0009,0.0036,0.0001,0.0005,0.0016,0.0071,0.0012,0.0124,0.007,0.0046,0.0004,0.0002,0.0045,0.0001,0.0004,0.0033,0.0016,0.0027,0.0008,0.0011,0.0001,0.0024,0.0065,0.0002,0.0245,0.0274,0.0011,0.0001,0.0002,0.0139,0.0003,0.0002,0.0311,0.0324
1996-07-01,0.0288,0.0001,0.0039,0.0005,0.0007,0.0191,0.0033,0.4641,0.1289,0.0003,0.0001,0.0759,0.0028,0.0006,0.0024,0.0242,0.0319,0.0009,0.009,0.0005,0.0012,0.0013,0.0088,0.0006,0.0046,0.0229,0.005,0.0097,0.0036,0.0094,0.0005,0.0006,0.0036,0.0008,0.0044,0.0024,0.0027,0.0001,0.0013,0.0229,0.0015,0.0154,0.0117,0.0,0.0001,0.0001,0.0278,0.0001,0.0012,0.022,0.1366
1996-08-01,0.0385,0.0003,0.0178,0.0001,0.0005,0.0,0.0004,0.5297,0.1049,0.0001,0.9408,0.0923,0.001,0.0004,0.0005,0.0028,0.0018,0.0004,0.0031,0.0001,0.0002,0.001,0.0064,0.0012,0.0005,0.0098,0.0047,0.0042,0.0038,0.0015,0.0005,0.0002,0.0086,0.0027,0.0015,0.0019,0.0,0.0001,0.0012,0.0001,0.0003,0.0072,0.0021,0.0007,0.0002,0.0002,0.0056,0.0,0.0002,0.0241,0.0028
1996-09-01,0.0707,0.0007,0.0453,0.0003,0.0006,0.0001,0.0013,0.5001,0.0249,0.0001,0.6152,0.0991,0.0075,0.0024,0.002,0.0005,0.0004,0.0011,0.0022,0.0001,0.0002,0.0017,0.006,0.0011,0.0006,0.0081,0.0059,0.0009,0.0108,0.0037,0.0008,0.0006,0.002,0.002,0.0012,0.0035,0.0015,0.0001,0.0018,0.0001,0.0011,0.0068,0.0005,0.0005,0.0006,0.0004,0.0023,0.0,0.001,0.0222,0.0023
1996-10-01,0.0328,0.0003,0.0317,0.0007,0.0005,0.0001,0.0001,0.5166,0.0053,0.0,0.0945,0.074,0.0003,0.0003,0.0001,0.0012,0.0008,0.0011,0.0047,0.0003,0.0009,0.0013,0.0065,0.0007,0.0,0.0114,0.005,0.0001,0.0111,0.0013,0.0005,0.0004,0.0007,0.0019,0.0012,0.0014,0.0016,0.0001,0.001,0.0002,0.0009,0.0068,0.0017,0.0,0.0002,0.0,0.0041,0.0,0.0005,0.0369,0.0067
1996-11-01,0.0691,0.0002,0.0207,0.0,0.0007,0.0,0.0008,0.4242,0.0044,0.0001,0.021,0.0663,0.0012,0.0003,0.0003,0.0024,0.0004,0.0016,0.0028,0.0001,0.002,0.0001,0.0066,0.0,0.0001,0.0037,0.013,0.0001,0.0145,0.0023,0.0008,0.0,0.0011,0.0016,0.0023,0.0009,0.001,0.0001,0.0008,0.0005,0.0009,0.0237,0.002,0.0003,0.0001,0.0003,0.0043,0.0002,0.0006,0.029,0.016
1996-12-01,0.0968,0.0008,0.0323,0.002,0.0037,0.0,0.0038,0.3837,0.0063,0.0,0.0058,0.0605,0.0027,0.001,0.0013,0.004,0.0026,0.0025,0.006,0.0004,0.0038,0.0016,0.0075,0.0007,0.0017,0.0054,0.0459,0.0002,0.014,0.0045,0.0004,0.0008,0.0038,0.0044,0.0015,0.0014,0.0002,0.0089,0.0011,0.0004,0.0006,0.1007,0.003,0.001,0.0002,0.0003,0.0033,0.0002,0.0009,0.0418,0.0659
1997-01-01,0.0367,0.0,0.0249,0.0005,0.0017,0.0,0.0112,0.3484,0.0044,0.0002,0.002,0.0671,0.0028,0.0,0.0005,0.0033,0.0066,0.0012,0.0073,0.0002,0.0013,0.0014,0.0084,0.0008,0.0005,0.0068,0.0385,0.0002,0.0057,0.002,0.0002,0.0003,0.0166,0.0015,0.0019,0.0007,0.0008,0.0002,0.0018,0.0009,0.0002,0.0491,0.0025,0.0001,0.0002,0.0001,0.0081,0.0003,0.0004,0.0197,0.0305
1997-02-01,0.0333,0.0005,0.0076,0.0,0.0003,0.0,0.0038,0.3561,0.0037,0.0012,0.001,0.08,0.0029,0.0014,0.0006,0.001,0.0009,0.0004,0.0042,0.0004,0.0007,0.0059,0.0063,0.0002,0.0003,0.0026,0.0273,0.0002,0.0049,0.0029,0.0012,0.0004,0.0037,0.003,0.0011,0.0008,0.0002,0.0006,0.0023,0.0009,0.0002,0.0024,0.0002,0.0,0.0,0.0002,0.0043,0.0001,0.0005,0.0261,0.0158
1997-03-01,0.0298,0.0,0.0041,0.0002,0.0003,0.0001,0.0007,0.3517,0.0057,0.0,0.0006,0.0932,0.0023,0.0012,0.0002,0.0019,0.0008,0.0006,0.0033,0.0,0.0002,0.0018,0.0057,0.0003,0.0004,0.0016,0.025,0.0003,0.0127,0.0002,0.0009,0.0005,0.0042,0.0051,0.0007,0.0003,0.001,0.0003,0.0018,0.0004,0.001,0.0026,0.0007,0.0,0.0,0.0006,0.0063,0.0001,0.0006,0.0204,0.0033
1997-04-01,0.0116,0.0004,0.0022,0.0,0.0003,0.001,0.0006,0.4269,0.0077,0.0001,0.0011,0.1095,0.0008,0.0001,0.0014,0.0025,0.0005,0.0004,0.0014,0.0003,0.0009,0.0006,0.0084,0.0008,0.0022,0.0034,0.0126,0.0002,0.0109,0.0052,0.0004,0.0003,0.0001,0.0052,0.0018,0.0003,0.0045,0.0003,0.0023,0.0014,0.0002,0.0021,0.0004,0.0,0.001,0.0017,0.0018,0.0,0.0002,0.0298,0.0012
1997-05-01,0.0187,0.001,0.007,0.0004,0.0006,0.0,0.0006,0.3391,0.0084,0.0004,0.001,0.1083,0.0002,0.0006,0.0002,0.004,0.0011,0.002,0.0063,0.0003,0.0009,0.0002,0.0089,0.0003,0.0014,0.006,0.008,0.0001,0.005,0.0024,0.0,0.0001,0.0005,0.0035,0.0019,0.0002,0.0016,0.0002,0.002,0.001,0.0004,0.0006,0.0022,0.0,0.0002,0.0007,0.0019,0.0001,0.0002,0.0257,0.0005
1997-06-01,0.0218,0.002,0.0092,0.0016,0.0005,0.0,0.0005,0.2435,0.0061,0.0006,0.0016,0.1027,0.0014,0.0007,0.001,0.004,0.0021,0.001,0.002,0.0005,0.0018,0.0003,0.0113,0.0001,0.0009,0.023,0.0152,0.0003,0.0015,0.0013,0.0004,0.0001,0.0007,0.003,0.0019,0.0007,0.0,0.0028,0.0022,0.0007,0.0006,0.0094,0.0019,0.0001,0.0013,0.0011,0.0013,0.0,0.0001,0.017,0.0028
1997-07-01,0.0271,0.0008,0.0015,0.0012,0.0003,0.0,0.001,0.1417,0.0182,0.0,0.0011,0.099,0.0007,0.0009,0.0045,0.0029,0.0014,0.0028,0.0015,0.0023,0.0004,0.0004,0.0098,0.0003,0.0014,0.0055,0.0069,0.0011,0.0005,0.0014,0.0002,0.0004,0.0004,0.0037,0.0012,0.0004,0.0002,0.0026,0.0,0.0008,0.0007,0.0036,0.0064,0.0,0.0002,0.0011,0.0015,0.0016,0.0008,0.0244,0.0009
1997-08-01,0.0531,0.0022,0.0052,0.0007,0.001,0.0008,0.0004,0.4564,0.0041,0.0002,0.0009,0.0972,0.0042,0.0004,0.0035,0.0069,0.0024,0.0088,0.0098,0.001,0.0014,0.0003,0.0097,0.0007,0.0002,0.0026,0.0058,0.0014,0.0008,0.0075,0.0009,0.0013,0.0032,0.0051,0.0028,0.0009,0.0008,0.0059,0.0021,0.0003,0.0006,0.0108,0.0024,0.0004,0.0036,0.0021,0.0034,0.0014,0.0002,0.0228,0.0012
1997-09-01,0.0321,0.0003,0.0064,0.0,0.0003,0.0,0.0,0.4587,0.0044,0.0002,0.0001,0.1248,0.0011,0.0004,0.0004,0.0017,0.0011,0.0019,0.0019,0.0001,0.0007,0.0011,0.0088,0.0001,0.0026,0.0018,0.0023,0.0,0.0006,0.0027,0.0002,0.0,0.0013,0.004,0.001,0.001,0.0,0.0011,0.0004,0.0002,0.0002,0.0085,0.0004,0.0,0.0005,0.0,0.0024,0.0003,0.0002,0.0127,0.0017
1997-10-01,0.0178,0.0001,0.002,0.0001,0.0003,0.0001,0.0001,0.6052,0.0055,0.0021,0.0004,0.0991,0.0002,0.0064,0.0002,0.0009,0.0018,0.0003,0.0014,0.0001,0.0003,0.0008,0.0119,0.0,0.0023,0.0004,0.0016,0.0005,0.0031,0.0032,0.0004,0.0002,0.0005,0.0046,0.0015,0.0011,0.0,0.0005,0.0012,0.0027,0.0,0.0147,0.0001,0.0007,0.0,0.0,0.0006,0.0001,0.0,0.0085,0.0047
1997-11-01,0.0628,0.0006,0.0051,0.0,0.001,0.0,0.0004,0.5103,0.0034,0.0004,0.0004,0.0898,0.0002,0.0008,0.0001,0.0013,0.0013,0.0012,0.0019,0.0,0.0003,0.0004,0.0106,0.0003,0.0016,0.0008,0.0039,0.0002,0.0023,0.0009,0.0002,0.0002,0.0012,0.0058,0.0016,0.0015,0.0001,0.0008,0.0007,0.0019,0.0004,0.0059,0.0009,0.0001,0.0001,0.0002,0.0021,0.0,0.0003,0.0114,0.0036
1997-12-01,0.0515,0.0009,0.0092,0.0011,0.0001,0.0,0.0004,0.4271,0.0025,0.0,0.0001,0.0839,0.0003,0.0006,0.0002,0.0011,0.0017,0.0006,0.0052,0.0001,0.0001,0.0014,0.009,0.0003,0.0094,0.0003,0.0037,0.0007,0.0031,0.0011,0.0002,0.0,0.0019,0.0082,0.0009,0.0007,0.0008,0.0005,0.0006,0.0002,0.0003,0.0058,0.0005,0.0003,0.0018,0.0009,0.0016,0.0001,0.0002,0.024,0.0027
1998-01-01,0.0073,0.0008,0.0157,0.0036,0.0001,0.0001,0.0002,0.4001,0.0095,0.0003,0.0003,0.0847,0.0006,0.0001,0.0002,0.0005,0.0,0.0005,0.0329,0.0012,0.0003,0.0086,0.0101,0.0008,0.0233,0.0033,0.0077,0.0012,0.0122,0.0042,0.0002,0.0001,0.0108,0.0237,0.0023,0.0015,0.0002,0.0055,0.0017,0.0004,0.0001,0.0043,0.0025,0.0,0.0041,0.0062,0.0055,0.0157,0.0009,0.0301,0.0046
1998-02-01,0.0241,0.0004,0.0133,0.0018,0.0018,0.0003,0.0002,0.3295,0.0173,0.0011,0.0015,0.083,0.0007,0.0005,0.0014,0.0024,0.0008,0.0028,0.0057,0.0004,0.0006,0.0,0.0229,0.0007,0.0021,0.003,0.0093,0.0008,0.0308,0.0019,0.0003,0.0008,0.0033,0.0091,0.001,0.0014,0.0007,0.0012,0.0017,0.0004,0.0013,0.0032,0.0015,0.0001,0.0007,0.0007,0.0011,0.0,0.0002,0.0231,0.0056
1998-03-01,0.0315,0.0004,0.0147,0.0001,0.0002,0.0,0.0004,0.3541,0.0146,0.0012,0.0014,0.0761,0.0024,0.0074,0.0014,0.0044,0.0064,0.0016,0.0077,0.0004,0.0007,0.0009,0.0376,0.0004,0.0136,0.0082,0.0136,0.0004,0.0402,0.0059,0.0004,0.0006,0.0049,0.0056,0.0019,0.0014,0.0011,0.0041,0.0037,0.0017,0.0009,0.0112,0.0015,0.0004,0.003,0.0015,0.002,0.0011,0.001,0.0283,0.0124
1998-04-01,0.0528,0.0,0.0082,0.001,0.0001,0.0008,0.0028,0.3696,0.0108,0.0023,0.0042,0.0678,0.0001,0.0018,0.0007,0.0019,0.0004,0.0003,0.0008,0.0003,0.0032,0.0001,0.0494,0.0007,0.0035,0.0022,0.0087,0.0001,0.0752,0.0004,0.0028,0.0003,0.0043,0.0029,0.0034,0.0007,0.0004,0.0047,0.0021,0.0011,0.0059,0.0057,0.0015,0.0003,0.0021,0.0003,0.0022,0.0001,0.0003,0.0244,0.0045
1998-05-01,0.0357,0.0016,0.0036,0.0003,0.0002,0.0,0.0006,0.2561,0.0054,0.0002,0.0003,0.0658,0.0001,0.0004,0.0002,0.0021,0.0005,0.0005,0.0027,0.0005,0.0014,0.0006,0.0868,0.0002,0.0002,0.0032,0.0033,0.0001,0.0532,0.0021,0.0007,0.0004,0.0021,0.0019,0.0007,0.002,0.0004,0.0057,0.0018,0.0004,0.0001,0.0025,0.0,0.0001,0.0003,0.0,0.0043,0.0001,0.0001,0.0113,0.0023
1998-06-01,0.0872,0.0126,0.0057,0.0012,0.0003,0.0007,0.0006,0.2271,0.0046,0.0002,0.0002,0.067,0.0011,0.0053,0.0003,0.0096,0.0047,0.0015,0.0093,0.0009,0.0003,0.0002,0.1632,0.0053,0.0012,0.007,0.0045,0.0001,0.0573,0.0025,0.0011,0.0013,0.0046,0.0018,0.0009,0.0189,0.0032,0.0306,0.0143,0.0006,0.0002,0.0045,0.0012,0.0002,0.0007,0.0003,0.0071,0.0002,0.0012,0.0116,0.09
1998-07-01,0.045,0.243,0.0068,0.0012,0.0002,0.0001,0.0002,0.2676,0.011,0.0001,0.0003,0.0573,0.0029,0.0006,0.0001,0.0324,0.0085,0.001,0.0102,0.0004,0.001,0.0024,0.2275,0.0208,0.0105,0.0028,0.002,0.0012,0.0084,0.0004,0.0001,0.0014,0.0079,0.0019,0.0005,0.0441,0.005,0.0787,0.0066,0.0006,0.0001,0.0015,0.0041,0.0,0.0002,0.001,0.0075,0.0004,0.0035,0.0197,0.0829
1998-08-01,0.061,0.0111,0.0104,0.0001,0.0004,0.0003,0.0012,0.2205,0.0022,0.0007,0.0003,0.0622,0.0027,0.0005,0.0007,0.0013,0.0023,0.0008,0.0117,0.0004,0.0005,0.0006,0.0129,0.0157,0.0025,0.0033,0.0026,0.0001,0.0108,0.0042,0.0006,0.0011,0.0164,0.0022,0.0003,0.0006,0.0021,0.0056,0.0029,0.0002,0.0005,0.0041,0.0013,0.0001,0.0006,0.0003,0.0069,0.0006,0.0006,0.0168,0.0288
1998-09-01,0.0272,0.0039,0.0073,0.0003,0.0003,0.0002,0.0014,0.1677,0.0058,0.0002,0.0008,0.081,0.0019,0.0008,0.0005,0.0019,0.005,0.0027,0.0276,0.0007,0.0005,0.0003,0.0105,0.0846,0.0027,0.0038,0.0037,0.0002,0.0038,0.0037,0.0006,0.0002,0.0116,0.0012,0.001,0.0024,0.0018,0.0059,0.002,0.0015,0.0009,0.0039,0.0018,0.0,0.0006,0.0002,0.0094,0.0005,0.0006,0.0198,0.0081
1998-10-01,0.0178,0.0043,0.0038,0.0017,0.0006,0.0,0.0004,0.1461,0.029,0.0,0.0006,0.1017,0.001,0.0005,0.0037,0.0015,0.0051,0.0036,0.047,0.0006,0.0004,0.0003,0.0112,0.0012,0.0067,0.002,0.0024,0.0003,0.0019,0.0016,0.0002,0.0,0.0161,0.0009,0.0007,0.0013,0.0009,0.0087,0.001,0.0007,0.0031,0.0058,0.0009,0.0007,0.0022,0.0049,0.0192,0.0003,0.0002,0.0148,0.0037
1998-11-01,0.0168,0.0027,0.0035,0.0001,0.0011,0.0,0.0003,0.1099,0.0209,0.0001,0.0008,0.0966,0.0008,0.0002,0.0027,0.0028,0.0065,0.0021,0.022,0.0003,0.0001,0.0004,0.0121,0.0005,0.0046,0.003,0.0039,0.0003,0.0104,0.0013,0.0002,0.0001,0.002,0.0009,0.0006,0.0032,0.0005,0.0021,0.001,0.001,0.0009,0.0015,0.0013,0.0003,0.0027,0.0005,0.0061,0.0004,0.0001,0.0244,0.0013
1998-12-01,0.0223,0.0017,0.0059,0.0019,0.0026,0.0002,0.0003,0.0719,0.0031,0.0005,0.0048,0.1005,0.0005,0.0004,0.0087,0.0178,0.0118,0.0018,0.0146,0.0007,0.0003,0.0002,0.0119,0.0002,0.0011,0.005,0.0053,0.0001,0.0262,0.0193,0.0003,0.0002,0.0012,0.001,0.0007,0.0078,0.0017,0.0029,0.0011,0.0034,0.0007,0.0028,0.008,0.0008,0.0072,0.0003,0.0022,0.0002,0.0001,0.0394,0.0033
1999-01-01,0.0362,0.0007,0.0026,0.0011,0.0032,0.0,0.0003,0.0354,0.0056,0.0019,0.0192,0.1103,0.0046,0.0023,0.0773,0.0799,0.0255,0.0045,0.0189,0.0043,0.0007,0.0006,0.0123,0.0017,0.0214,0.0106,0.0158,0.0,0.0253,0.1022,0.0002,0.0,0.0012,0.0011,0.0,0.0248,0.016,0.0027,0.0029,0.0075,0.0006,0.0023,0.0503,0.0146,0.0083,0.0014,0.0013,0.0046,0.0004,0.0693,0.0042
1999-02-01,0.1025,0.0003,0.0031,0.0004,0.0008,0.0,0.0007,0.0234,0.004,0.0002,0.0011,0.0668,0.0005,0.0004,0.0038,0.002,0.0136,0.0007,0.0241,0.0004,0.0,0.0005,0.0102,0.0013,0.0023,0.0047,0.0066,0.0002,0.0327,0.0274,0.0004,0.0,0.0062,0.0009,0.0006,0.0008,0.0119,0.0028,0.0004,0.0012,0.0006,0.0043,0.0013,0.0035,0.0003,0.0002,0.0021,0.001,0.0001,0.0338,0.0023
1999-03-01,0.0319,0.0005,0.0071,0.0006,0.0009,0.0016,0.0009,0.0261,0.004,0.0006,0.0009,0.0394,0.0009,0.001,0.0025,0.001,0.0238,0.0017,0.0624,0.0002,0.001,0.0009,0.01,0.0011,0.0032,0.0013,0.0036,0.0039,0.0277,0.0194,0.0007,0.0002,0.0026,0.0014,0.002,0.0011,0.0242,0.0013,0.0024,0.0013,0.0013,0.005,0.0004,0.0031,0.0007,0.0017,0.0017,0.0005,0.0004,0.0393,0.0009
1999-04-01,0.0536,0.002,0.0046,0.0,0.0003,0.0001,0.0021,0.0046,0.0041,0.0002,0.0001,0.0238,0.0007,0.0011,0.0009,0.0007,0.038,0.0002,0.0848,0.0,0.0005,0.0011,0.0099,0.0001,0.002,0.0011,0.0052,0.005,0.0015,0.006,0.0002,0.0002,0.0019,0.0034,0.0003,0.0006,0.0283,0.0037,0.0015,0.0001,0.0007,0.0009,0.0014,0.0099,0.0002,0.0006,0.0006,0.0136,0.0,0.0189,0.0019
1999-05-01,0.0593,0.0012,0.0056,0.0003,0.001,0.0387,0.0016,0.0104,0.0064,0.0001,0.0003,0.0227,0.004,0.0006,0.0014,0.0009,0.0343,0.0003,0.0592,0.0008,0.0014,0.0046,0.0115,0.001,0.0025,0.0053,0.0087,0.0093,0.004,0.006,0.0009,0.0004,0.0019,0.004,0.0011,0.0015,0.0133,0.0084,0.0027,0.0006,0.0009,0.0022,0.0007,0.0035,0.0017,0.001,0.0036,0.0024,0.0008,0.026,0.0012
1999-06-01,0.0632,0.0005,0.0042,0.0001,0.0012,0.0035,0.0011,0.0082,0.0117,0.0004,0.0003,0.0197,0.0075,0.0,0.001,0.005,0.0109,0.0009,0.0093,0.0001,0.0012,0.0,0.0124,0.0008,0.0024,0.0062,0.0041,0.0065,0.0016,0.0013,0.0001,0.0004,0.0004,0.0033,0.0008,0.0019,0.0049,0.0028,0.0016,0.0013,0.0007,0.003,0.0009,0.0012,0.0002,0.0002,0.0051,0.0005,0.0002,0.0367,0.0024
1999-07-01,0.053,0.0017,0.0014,0.0001,0.0001,0.0019,0.0003,0.0112,0.0095,0.0017,0.0024,0.0142,0.0154,0.0005,0.0016,0.0059,0.0038,0.0028,0.0035,0.0005,0.0002,0.0002,0.0131,0.0001,0.0012,0.0101,0.0046,0.0005,0.0023,0.0009,0.0001,0.0001,0.0009,0.0022,0.0014,0.0005,0.0021,0.0004,0.0019,0.0011,0.0016,0.0016,0.0002,0.0019,0.001,0.0022,0.0015,0.0,0.0002,0.0402,0.002
1999-08-01,0.0312,0.0019,0.0037,0.0043,0.0027,0.0013,0.0011,0.0324,0.0039,0.0006,0.0018,0.011,0.024,0.0008,0.0019,0.0046,0.0116,0.0013,0.0045,0.0005,0.0018,0.0006,0.0156,0.0032,0.0042,0.016,0.0044,0.0009,0.0024,0.0071,0.0007,0.0009,0.0007,0.0025,0.002,0.0021,0.0024,0.0032,0.0035,0.0001,0.0016,0.0027,0.0004,0.0006,0.0011,0.0003,0.0038,0.0003,0.0016,0.0337,0.0041
1999-09-01,0.0115,0.0008,0.008,0.0006,0.0003,0.0003,0.0026,0.0107,0.0081,0.001,0.0003,0.0182,0.0176,0.0011,0.0036,0.0022,0.0178,0.0013,0.0044,0.0002,0.0003,0.0004,0.0166,0.0089,0.0003,0.0225,0.0058,0.0033,0.0015,0.0065,0.003,0.001,0.0012,0.0026,0.0053,0.0014,0.0034,0.0009,0.008,0.0,0.002,0.0051,0.0028,0.0001,0.0006,0.0003,0.0043,0.0017,0.0024,0.0292,0.0012
1999-10-01,0.0288,0.0025,0.0017,0.0003,0.0003,0.0001,0.0012,0.0039,0.0031,0.0,0.0006,0.0112,0.0096,0.0005,0.0002,0.0009,0.0023,0.0007,0.0013,0.0,0.0001,0.0003,0.0168,0.0002,0.0013,0.0365,0.004,0.0001,0.0068,0.0047,0.0005,0.0,0.0023,0.0018,0.0008,0.0012,0.0028,0.0001,0.0013,0.0,0.0001,0.0008,0.0003,0.0,0.0003,0.0,0.001,0.0001,0.0002,0.0098,0.0016
1999-11-01,0.0185,0.0028,0.0022,0.0005,0.0004,0.0004,0.0005,0.008,0.0061,0.0,0.0006,0.0125,0.0081,0.0002,0.001,0.0014,0.0019,0.0017,0.0034,0.0003,0.0005,0.0377,0.0168,0.0009,0.0024,0.0397,0.0048,0.001,0.0038,0.0025,0.0028,0.0001,0.0062,0.0023,0.0004,0.0005,0.0025,0.0002,0.0015,0.0011,0.0002,0.001,0.0016,0.0002,0.0007,0.0002,0.001,0.001,0.0005,0.0254,0.0011
1999-12-01,0.0335,0.0016,0.0059,0.0006,0.0006,0.0,0.0002,0.017,0.0181,0.0,0.0022,0.015,0.0097,0.0004,0.0002,0.0016,0.0028,0.0007,0.0089,0.0,0.0015,0.0091,0.0173,0.0007,0.0071,0.0394,0.0039,0.0013,0.0084,0.0013,0.0003,0.0001,0.0061,0.0037,0.001,0.0011,0.003,0.0009,0.0006,0.0,0.0001,0.0036,0.001,0.0,0.0027,0.0001,0.0057,0.0001,0.0007,0.0208,0.0005
2000-01-01,0.0541,0.0044,0.0313,0.0006,0.0009,0.0,0.0005,0.0373,0.0445,0.0,0.0203,0.0154,0.0159,0.0003,0.0007,0.0047,0.0085,0.0021,0.0017,0.0002,0.0015,0.0,0.0203,0.0022,0.0307,0.0578,0.0032,0.007,0.0123,0.0007,0.0002,0.0001,0.001,0.006,0.0014,0.0075,0.0088,0.0042,0.0001,0.0005,0.0027,0.0011,0.0013,0.0,0.0246,0.0002,0.0025,0.0009,0.0001,0.0384,0.0004
2000-02-01,0.0436,0.0076,0.032,0.0006,0.0004,0.0,0.0006,0.0379,0.0239,0.0006,0.0012,0.0115,0.016,0.0009,0.0006,0.0114,0.0145,0.0016,0.0054,0.0001,0.0028,0.0001,0.0326,0.0002,0.0318,0.077,0.0037,0.0021,0.0111,0.004,0.0007,0.0013,0.0008,0.0058,0.0011,0.0061,0.0077,0.002,0.0015,0.0002,0.0043,0.0084,0.001,0.0004,0.0012,0.0006,0.0023,0.0071,0.0004,0.0521,0.0006
2000-03-01,0.0244,0.007,0.0402,0.0006,0.0003,0.0,0.0001,0.0203,0.0183,0.0001,0.0005,0.0091,0.0248,0.0002,0.0002,0.015,0.0057,0.0021,0.0053,0.0,0.0001,0.0001,0.048,0.0003,0.0254,0.0925,0.0025,0.0003,0.0054,0.0025,0.0002,0.0003,0.0005,0.0046,0.0009,0.0069,0.0005,0.0014,0.0008,0.0001,0.0016,0.0175,0.0006,0.0,0.0007,0.0,0.0016,0.0,0.0,0.0073,0.0027
2000-04-01,0.0435,0.02,0.1445,0.0013,0.0001,0.0001,0.0013,0.0093,0.0348,0.0001,0.0039,0.0081,0.1771,0.0,0.0021,0.0454,0.0028,0.0274,0.0089,0.0002,0.0002,0.0013,0.0764,0.0003,0.0397,0.1628,0.0289,0.0019,0.0084,0.0174,0.0001,0.0008,0.0012,0.0036,0.001,0.0165,0.0005,0.0006,0.0008,0.0005,0.0077,0.1937,0.1063,0.001,0.0006,0.0007,0.0172,0.0406,0.0004,0.0263,0.0243
2000-05-01,0.0332,0.0214,0.1337,0.0003,0.0002,0.0,0.0009,0.0234,0.0374,0.0,0.0009,0.0119,0.157,0.0007,0.0026,0.1005,0.0059,0.0355,0.0127,0.0003,0.0012,0.0023,0.1859,0.0041,0.0399,0.2101,0.0267,0.0021,0.0113,0.0057,0.0005,0.0013,0.0027,0.0048,0.0026,0.0225,0.0003,0.0003,0.0017,0.0006,0.0108,0.3295,0.0744,0.0002,0.0014,0.0005,0.004,0.0012,0.0039,0.0315,0.0505
2000-06-01,0.037,0.1366,0.1797,0.0078,0.0007,0.0016,0.002,0.0087,0.0308,0.0003,0.0039,0.012,0.151,0.016,0.0057,0.3404,0.016,0.0941,0.1694,0.0,0.0003,0.0045,0.2874,0.0017,0.0443,0.4751,0.0546,0.0079,0.0191,0.0039,0.0006,0.0009,0.0093,0.0072,0.0045,0.0469,0.0004,0.005,0.0048,0.0031,0.0942,0.3263,0.0824,0.0012,0.0037,0.0005,0.0034,0.0103,0.002,0.0583,0.084
2000-07-01,0.0347,0.1823,0.242,0.0041,0.0009,0.0003,0.0031,0.0096,0.0448,0.0003,0.0046,0.0199,0.1191,0.0027,0.0206,0.5537,0.0327,0.1075,0.0651,0.0001,0.0012,0.0017,0.4196,0.0016,0.1053,0.6673,0.0404,0.0372,0.0054,0.0271,0.0008,0.0008,0.0004,0.0032,0.0047,0.0773,0.0022,0.0101,0.0057,0.0008,0.9793,0.2903,0.1393,0.0028,0.0075,0.0017,0.0044,0.0177,0.0075,0.0371,0.0088
2000-08-01,0.0507,0.186,0.2432,0.0016,0.001,0.0,0.0218,0.0191,0.0665,0.0,0.0141,0.0236,0.2222,0.0006,0.0156,0.635,0.0234,0.1149,0.0299,0.0018,0.0012,0.0234,0.5312,0.0014,0.0702,0.7619,0.038,0.0619,0.1926,0.0184,0.0022,0.0021,0.0007,0.004,0.0168,0.0996,0.0012,0.0083,0.0129,0.0019,0.8791,0.1953,0.2024,0.0009,0.0094,0.0016,0.0042,0.0,0.0067,0.0936,0.0035
2000-09-01,0.0706,0.2805,0.2958,0.0023,0.0028,0.0008,0.0278,0.043,0.0572,0.0003,0.0184,0.0161,0.3533,0.0039,0.0308,0.8044,0.0246,0.1531,0.0283,0.0003,0.0007,0.0303,0.6149,0.0025,0.0693,0.8148,0.0579,0.1194,0.1949,0.0228,0.0004,0.0014,0.0017,0.0138,0.0074,0.1346,0.0019,0.0064,0.0082,0.0005,0.813,0.1237,0.342,0.0023,0.0113,0.0012,0.0041,0.0055,0.0122,0.0247,0.0166
2000-10-01,0.0353,0.5348,0.3251,0.0063,0.0127,0.0007,0.0362,0.0314,0.0541,0.0015,0.0418,0.0254,0.4297,0.0062,0.0524,0.893,0.0168,0.1733,0.015,0.0003,0.0019,0.017,0.6793,0.0057,0.0719,0.8099,0.0803,0.141,0.159,0.0219,0.0004,0.003,0.0021,0.0146,0.0304,0.1615,0.0021,0.0168,0.015,0.0009,0.6898,0.1096,0.4023,0.007,0.0263,0.0066,0.0023,0.0044,0.0136,0.0272,0.0026
2000-11-01,0.0493,0.6124,0.4247,0.0098,0.0114,0.0037,0.0424,0.0288,0.0713,0.0013,0.0595,0.0383,0.5941,0.0017,0.0728,0.9184,0.0254,0.3211,0.0217,0.0006,0.003,0.0002,0.7858,0.0081,0.1403,0.8369,0.0556,0.1123,0.0893,0.0198,0.0003,0.0016,0.0007,0.0136,0.0634,0.2116,0.003,0.0253,0.0163,0.0009,0.749,0.1042,0.5658,0.0112,0.0905,0.0555,0.0029,0.0127,0.0189,0.0288,0.0026
2000-12-01,0.0363,0.7022,0.5195,0.0181,0.028,0.0354,0.0517,0.0943,0.0764,0.0048,0.0678,0.0566,0.7852,0.004,0.128,0.925,0.0441,0.4121,0.0093,0.0036,0.0079,0.0005,0.8793,0.0139,0.2588,0.8588,0.0677,0.1183,0.0309,0.0264,0.0011,0.0053,0.0009,0.0172,0.134,0.3011,0.0084,0.3193,0.0259,0.0021,0.8594,0.0784,0.6737,0.0217,0.1476,0.2991,0.0011,0.0477,0.0822,0.039,0.0005
2001-01-01,0.1279,0.8782,0.4982,0.1383,0.0997,0.3216,0.0844,0.6141,0.0989,0.0233,0.1191,0.0943,0.8055,0.0046,0.1474,0.9177,0.049,0.5592,0.0137,0.0182,0.0571,0.0009,0.9317,0.035,0.2548,0.8783,0.0508,0.1068,0.011,0.0115,0.0032,0.0533,0.0053,0.0261,0.3029,0.4215,0.0097,0.595,0.034,0.0044,0.9951,0.0636,0.8162,0.1492,0.7244,0.9224,0.0031,0.8822,0.0693,0.0411,0.0002
2001-02-01,0.0109,0.8661,0.5239,0.1112,0.355,0.5494,0.0957,0.5478,0.1055,0.0089,0.3716,0.0595,0.8564,0.0144,0.181,0.8535,0.067,0.6549,0.0218,0.2481,0.0383,0.0039,0.9259,0.0553,0.2589,0.8782,0.0485,0.5875,0.0142,0.0217,0.0782,0.0211,0.0012,0.0504,0.4465,0.4879,0.0112,0.8127,0.0562,0.0054,0.9961,0.0973,0.8814,0.2571,0.7428,0.8909,0.0116,0.9321,0.1035,0.0414,0.0007
2001-03-01,0.0289,0.8878,0.5924,0.159,0.5397,0.7513,0.085,0.2674,0.143,0.0118,0.621,0.0727,0.8747,0.0487,0.2745,0.8567,0.0848,0.859,0.0303,0.8169,0.0291,0.0086,0.9338,0.1684,0.2838,0.8679,0.0545,0.9198,0.0194,0.0247,0.3498,0.0181,0.0016,0.103,0.5983,0.5578,0.0239,0.9495,0.1105,0.0205,0.9968,0.1902,0.9539,0.4744,0.7869,0.8918,0.0233,0.9366,0.4884,0.0498,0.0011
2001-04-01,0.0107,0.8995,0.6656,0.3091,0.7994,0.978,0.0673,0.1703,0.5,0.0217,0.9816,0.1159,0.8819,0.2769,0.4383,0.883,0.1449,0.8693,0.061,0.9479,0.0248,0.0101,0.9414,0.4084,0.3577,0.8259,0.0685,0.9917,0.039,0.029,0.5898,0.0108,0.0051,0.1581,0.7562,0.6643,0.0729,0.9841,0.1712,0.0323,0.9969,0.2572,0.9899,0.7458,0.9317,0.9137,0.0218,0.9744,0.64,0.0872,0.0018
2001-05-01,0.0295,0.9205,0.7895,0.3523,0.8547,0.9879,0.0441,0.0703,0.6031,0.0327,0.9879,0.1371,0.9011,0.4264,0.5309,0.9113,0.1851,0.8708,0.0653,0.9722,0.0139,0.0276,0.948,0.4657,0.4252,0.8029,0.0631,0.9973,0.0486,0.0408,0.6312,0.0144,0.0043,0.1982,0.7889,0.7128,0.2728,0.9888,0.1844,0.0367,0.9964,0.2706,0.9921,0.8598,0.9489,0.9047,0.0357,0.9847,0.7283,0.0937,0.0014
2001-06-01,0.0343,0.9278,0.8255,0.3602,0.8914,0.9936,0.0434,0.043,0.6454,0.0519,0.9896,0.1239,0.9388,0.5132,0.682,0.9098,0.2235,0.8779,0.0864,0.9879,0.0125,0.044,0.9502,0.5067,0.509,0.7593,0.0856,0.9993,0.0638,0.0818,0.7752,0.0263,0.0057,0.2388,0.8695,0.7523,0.4375,0.9922,0.1951,0.0287,0.9924,0.3413,0.993,0.9271,0.9769,0.9089,0.0373,0.9945,0.7911,0.077,0.0036
2001-07-01,0.0145,0.9275,0.8288,0.3813,0.9291,0.9993,0.0424,0.0329,0.7391,0.1126,0.9925,0.2122,0.9527,0.5761,0.9543,0.9263,0.2323,0.9032,0.1225,0.9978,0.0185,0.0846,0.9549,0.5203,0.8326,0.7204,0.1059,0.9986,0.0907,0.2093,0.8394,0.0533,0.0148,0.2957,0.9281,0.7959,0.9346,0.9981,0.2304,0.0187,0.9725,0.3642,0.9948,0.9895,0.9873,0.9139,0.0546,0.9965,0.8058,0.0745,0.003
2001-08-01,0.0333,0.8944,0.8226,0.4027,0.9257,0.9997,0.0463,0.0185,0.7384,0.1498,0.9892,0.2879,0.9559,0.599,0.96,0.8728,0.2949,0.9018,0.0968,0.9977,0.0132,0.0813,0.9563,0.5128,0.764,0.6991,0.0984,0.9994,0.0748,0.2566,0.8192,0.0302,0.0149,0.3486,0.9366,0.7851,0.9557,0.9972,0.2145,0.0133,0.9806,0.3901,0.9786,0.9899,0.99,0.9438,0.0905,0.9972,0.8208,0.0653,0.0023
2001-09-01,0.098,0.9096,0.8379,0.4325,0.9323,1.0,0.0469,0.0827,0.7277,0.2244,0.9957,0.4537,0.9773,0.7572,0.9643,0.8469,0.3237,0.8929,0.1261,0.9994,0.0159,0.0834,0.9567,0.4659,0.7974,0.6375,0.0796,0.9997,0.0328,0.5895,0.7132,0.0141,0.0233,0.4023,0.9394,0.7747,0.9709,0.9957,0.2244,0.0155,0.9926,0.392,0.9688,0.9981,0.9943,0.9593,0.1019,0.9989,0.8381,0.0703,0.0187
2001-10-01,0.1135,0.9295,0.8131,0.4699,0.9264,0.9999,0.0478,0.0547,0.6509,0.3007,0.998,0.7257,0.9846,0.7724,0.9614,0.8512,0.3518,0.834,0.2031,0.9993,0.0061,0.0851,0.9542,0.4535,0.8007,0.5171,0.0349,0.9987,0.0464,0.6201,0.6723,0.0093,0.0445,0.4756,0.9476,0.741,0.9894,0.9909,0.2244,0.0114,0.9955,0.377,0.9549,0.9999,0.9966,0.9586,0.1041,0.9995,0.8416,0.0541,0.0073
2001-11-01,0.179,0.9195,0.8081,0.4302,0.915,0.9997,0.0539,0.0682,0.6275,0.299,0.998,0.6362,0.9514,0.7276,0.8989,0.8107,0.3866,0.7387,0.2014,0.9984,0.0042,0.0798,0.9394,0.4438,0.7259,0.4179,0.0253,0.9955,0.0493,0.5929,0.6281,0.0118,0.016,0.3372,0.6645,0.7108,0.9758,0.9725,0.1645,0.0084,0.9467,0.3562,0.7975,0.9998,0.9925,0.8618,0.1133,0.9999,0.793,0.0612,0.0026
2001-12-01,0.1375,0.9098,0.777,0.3093,0.8552,0.9987,0.0547,0.0458,0.6183,0.2413,0.997,0.3665,0.8802,0.5759,0.7569,0.684,0.3924,0.5597,0.2057,0.9959,0.0028,0.0588,0.9139,0.4255,0.6644,0.345,0.0202,0.9802,0.0534,0.7007,0.491,0.0117,0.01,0.2787,0.5309,0.6509,0.984,0.8252,0.1174,0.0029,0.9233,0.3479,0.4665,0.9996,0.9671,0.7239,0.1237,0.9976,0.6839,0.0617,0.0068
2002-01-01,0.028,0.9075,0.6489,0.1283,0.7387,0.9832,0.0571,0.0198,0.5993,0.1363,0.9981,0.0942,0.8031,0.3786,0.6711,0.4822,0.3843,0.2073,0.201,0.9911,0.0032,0.0103,0.8841,0.3528,0.628,0.2054,0.0057,0.8736,0.0427,0.7589,0.3373,0.0102,0.0009,0.2199,0.3483,0.5714,0.9867,0.6054,0.0691,0.0015,0.8226,0.3154,0.1106,0.9975,0.4458,0.5236,0.067,0.9879,0.1307,0.054,0.0121
2002-02-01,0.0056,0.5884,0.4819,0.1166,0.6758,0.9708,0.0609,0.0259,0.4271,0.076,0.7486,0.0574,0.804,0.3271,0.6498,0.2332,0.4136,0.1832,0.145,0.9906,0.0021,0.0058,0.8509,0.2832,0.6716,0.1659,0.0132,0.8486,0.0478,0.4939,0.2371,0.0312,0.0046,0.1275,0.2537,0.4752,0.9646,0.4877,0.0625,0.0022,0.4184,0.2557,0.084,0.9959,0.5091,0.4024,0.0637,0.9726,0.0883,0.04,0.0115
2002-03-01,0.0249,0.4823,0.3798,0.0389,0.6267,0.9499,0.0672,0.0173,0.3724,0.0289,0.6163,0.0412,0.7846,0.2048,0.5839,0.1595,0.3846,0.1676,0.0715,0.9871,0.0046,0.0032,0.8376,0.2189,0.7211,0.1283,0.0262,0.8355,0.0598,0.3498,0.1516,0.0853,0.0011,0.0667,0.2046,0.4145,0.9358,0.3968,0.0633,0.0021,0.1277,0.1845,0.0628,0.9905,0.993,0.3588,0.0485,0.8189,0.0567,0.0538,0.0112
2002-04-01,0.0428,0.4289,0.3529,0.0266,0.6129,0.9113,0.078,0.0235,0.2536,0.0138,0.5695,0.0425,0.6873,0.0113,0.5013,0.0738,0.3589,0.153,0.0204,0.9883,0.0096,0.0027,0.8283,0.1385,0.7779,0.108,0.0087,0.8385,0.0275,0.2727,0.1333,0.1688,0.0007,0.0459,0.171,0.3615,0.9181,0.2982,0.0676,0.0035,0.0128,0.1071,0.0342,0.9883,0.9714,0.3182,0.0421,0.1884,0.0405,0.0799,0.0078
2002-05-01,0.0747,0.4129,0.3588,0.0361,0.6114,0.9305,0.0962,0.0458,0.1818,0.0085,0.5641,0.0116,0.6767,0.009,0.4818,0.0333,0.395,0.127,0.0261,0.9883,0.0073,0.0047,0.8179,0.0657,0.7345,0.1066,0.0054,0.895,0.0142,0.2532,0.1148,0.1791,0.0011,0.0414,0.1538,0.2771,0.9358,0.2708,0.0628,0.0043,0.0151,0.0743,0.0172,0.9862,0.9836,0.3028,0.0645,0.0555,0.0322,0.0793,0.0059
2002-06-01,0.0344,0.3697,0.3775,0.0311,0.6188,0.9817,0.1163,0.0356,0.1919,0.0071,0.5775,0.0104,0.6759,0.0073,0.4582,0.0176,0.4337,0.1176,0.0186,0.9876,0.0074,0.0059,0.8134,0.0379,0.714,0.1164,0.0056,0.9254,0.0087,0.2237,0.0862,0.1896,0.0027,0.0359,0.1454,0.2333,0.9769,0.2571,0.0617,0.0038,0.0165,0.0686,0.0094,0.9927,0.9678,0.3006,0.0688,0.0292,0.0272,0.0528,0.01
2002-07-01,0.0283,0.2491,0.4269,0.0391,0.6183,0.9961,0.1344,0.0356,0.1488,0.0075,0.7604,0.033,0.6825,0.0117,0.4547,0.0082,0.4799,0.1185,0.0224,0.9868,0.0065,0.0149,0.816,0.03,0.7924,0.2204,0.0437,0.9112,0.0151,0.225,0.0751,0.1869,0.0026,0.0238,0.1356,0.197,0.9878,0.2607,0.0666,0.0044,0.0266,0.0734,0.007,0.9938,0.9413,0.3145,0.0984,0.0004,0.0217,0.0495,0.0093
2002-08-01,0.0231,0.1565,0.487,0.0225,0.5794,0.9941,0.1252,0.0533,0.1373,0.0029,0.7195,0.0282,0.6676,0.0178,0.4249,0.0155,0.5907,0.1164,0.019,0.9884,0.0089,0.0212,0.8313,0.0365,0.0995,0.3781,0.0311,0.9541,0.011,0.1935,0.0756,0.0695,0.005,0.0196,0.1343,0.1849,0.9888,0.3388,0.0654,0.0019,0.0128,0.0789,0.0209,0.9882,0.9526,0.2981,0.0906,0.0047,0.0156,0.0797,0.0149
2002-09-01,0.0346,0.1318,0.486,0.0223,0.5689,0.9993,0.127,0.0611,0.1592,0.0026,0.6915,0.0208,0.6297,0.0109,0.4227,0.0315,0.7813,0.097,0.0196,0.9906,0.0153,0.0225,0.8424,0.0327,0.0688,0.4127,0.0069,0.9762,0.0104,0.1535,0.0705,0.04,0.0044,0.0161,0.1411,0.1793,0.9976,0.4277,0.0637,0.0015,0.0204,0.0839,0.0247,0.9877,0.9246,0.2943,0.0681,0.0089,0.0158,0.1031,0.0128
2002-10-01,0.0122,0.137,0.5381,0.0116,0.5567,0.9979,0.1262,0.0796,0.3732,0.0009,0.6628,0.0205,0.6373,0.0081,0.4214,0.0418,0.8753,0.0931,0.0286,0.9945,0.02,0.0196,0.8582,0.0439,0.1144,0.451,0.0085,0.98,0.0093,0.121,0.0821,0.0244,0.021,0.0112,0.1338,0.1808,0.9989,0.5163,0.07,0.001,0.0141,0.0942,0.027,0.996,0.9212,0.2873,0.0467,0.0064,0.009,0.124,0.0226
2002-11-01,0.0337,0.1578,0.5331,0.0069,0.5566,0.9977,0.1191,0.0475,0.4074,0.0019,0.6935,0.0245,0.6143,0.0423,0.4461,0.0416,0.8528,0.1058,0.0105,0.9925,0.0125,0.0188,0.8758,0.0351,0.1367,0.4435,0.0057,0.992,0.0076,0.1058,0.081,0.0147,0.0032,0.0102,0.1369,0.1764,0.9967,0.588,0.074,0.0012,0.0195,0.1167,0.0496,0.9961,0.9309,0.2849,0.0466,0.01,0.0194,0.1192,0.0234
2002-12-01,0.0471,0.1882,0.5232,0.0368,0.5595,0.9976,0.1179,0.0788,0.4435,0.0028,0.7557,0.0165,0.6218,0.0978,0.5031,0.0478,0.8662,0.1258,0.0187,0.9923,0.0127,0.0061,0.8899,0.038,0.1933,0.4068,0.0084,0.9971,0.0089,0.0538,0.0683,0.0136,0.0022,0.0095,0.139,0.1742,0.9967,0.6361,0.0792,0.0009,0.0204,0.1165,0.0549,0.9976,0.9397,0.2793,0.0399,0.0184,0.0755,0.1439,0.0332
2003-01-01,0.1037,0.1938,0.5294,0.0201,0.5487,0.9999,0.112,0.1199,0.5178,0.0055,0.8701,0.0184,0.6346,0.1541,0.5316,0.0517,0.8825,0.1377,0.0041,0.9908,0.0095,0.0067,0.8977,0.0329,0.305,0.3832,0.0203,0.9973,0.0123,0.0304,0.0705,0.0118,0.0018,0.0083,0.1439,0.1607,0.9977,0.6403,0.0662,0.0006,0.017,0.1261,0.0883,0.9971,0.9301,0.2727,0.0193,0.0148,0.0794,0.1347,0.0407
2003-02-01,0.0455,0.1984,0.5517,0.0141,0.5312,0.9998,0.1255,0.1092,0.5044,0.0049,0.7437,0.0263,0.6262,0.3546,0.5364,0.0483,0.8768,0.1328,0.0205,0.9807,0.0282,0.0113,0.8961,0.0303,0.3727,0.4091,0.0283,0.9943,0.0117,0.0696,0.0603,0.0185,0.0089,0.0092,0.1389,0.1631,0.9984,0.8647,0.0662,0.0025,0.0192,0.1303,0.0909,0.9979,0.9315,0.259,0.0338,0.0919,0.0488,0.1765,0.05
2003-03-01,0.0467,0.211,0.5254,0.0101,0.4966,0.9988,0.1171,0.0825,0.3326,0.0035,0.6252,0.0283,0.6004,0.3533,0.506,0.0506,0.8564,0.1096,0.0465,0.8996,0.0156,0.0069,0.8833,0.0345,0.3951,0.4054,0.0477,0.9881,0.0115,0.0949,0.039,0.0132,0.0103,0.0119,0.1302,0.1379,0.9981,0.8896,0.0565,0.0016,0.0473,0.1118,0.0748,0.9962,0.9117,0.2193,0.026,0.1376,0.0505,0.0881,0.0462
2003-04-01,0.0808,0.2222,0.3601,0.0068,0.4317,0.9761,0.0983,0.0932,0.0603,0.0062,0.5362,0.034,0.503,0.3342,0.4171,0.0451,0.6949,0.0996,0.0171,0.8029,0.0009,0.0083,0.863,0.0243,0.3412,0.3619,0.0115,0.9686,0.0102,0.0604,0.0198,0.0042,0.0045,0.0112,0.1207,0.0988,0.9779,0.8807,0.0442,0.0007,0.0679,0.089,0.0532,0.9832,0.809,0.147,0.0173,0.0355,0.0384,0.0455,0.0083
2003-05-01,0.0247,0.23,0.2436,0.0053,0.4141,0.8609,0.0731,0.1254,0.0195,0.003,0.3991,0.0226,0.3659,0.1584,0.363,0.0393,0.4807,0.0803,0.012,0.7475,0.0017,0.0048,0.8211,0.0303,0.2897,0.3062,0.0191,0.9606,0.009,0.0973,0.0055,0.0021,0.006,0.0079,0.1046,0.0923,0.9491,0.7259,0.0321,0.0006,0.0641,0.0794,0.0477,0.9698,0.7132,0.0634,0.0046,0.0118,0.0427,0.0494,0.0023
2003-06-01,0.0401,0.2234,0.1755,0.0052,0.3818,0.7665,0.0646,0.1889,0.0133,0.0024,0.2493,0.0226,0.2721,0.0946,0.2611,0.0369,0.4052,0.0686,0.0148,0.7063,0.0062,0.0048,0.808,0.0394,0.2612,0.2278,0.0223,0.958,0.009,0.1182,0.0009,0.0036,0.0019,0.0065,0.092,0.0919,0.8887,0.4925,0.0311,0.0008,0.049,0.0561,0.0517,0.9343,0.3272,0.048,0.0034,0.0072,0.0597,0.0341,0.001
2003-07-01,0.0783,0.1045,0.0654,0.0028,0.3496,0.5135,0.044,0.2141,0.0155,0.0014,0.1026,0.0202,0.1115,0.0818,0.1942,0.0289,0.2244,0.064,0.0114,0.6294,0.0083,0.0021,0.7947,0.0293,0.2716,0.0651,0.0183,0.9479,0.0067,0.1412,0.0011,0.0013,0.0006,0.0031,0.0783,0.0683,0.2229,0.2487,0.0328,0.0014,0.0199,0.039,0.0562,0.7703,0.12,0.0148,0.0055,0.0018,0.0831,0.0277,0.0023
2003-08-01,0.0359,0.0384,0.0307,0.0012,0.2548,0.2781,0.0274,0.2402,0.0101,0.0013,0.064,0.0247,0.0278,0.0247,0.1453,0.0085,0.1473,0.0194,0.0089,0.5647,0.0073,0.001,0.7156,0.022,0.0798,0.0691,0.0064,0.4039,0.0015,0.0997,0.0012,0.0013,0.0022,0.0024,0.053,0.0488,0.1905,0.0834,0.0171,0.0015,0.0129,0.0352,0.0212,0.3827,0.0674,0.0059,0.007,0.0031,0.0312,0.028,0.0008
2003-09-01,0.0334,0.0118,0.0209,0.0009,0.201,0.2268,0.0142,0.0456,0.0063,0.0007,0.0446,0.0219,0.01,0.0071,0.1182,0.0055,0.1005,0.0053,0.0036,0.4799,0.004,0.0007,0.6799,0.025,0.0331,0.0158,0.0054,0.1303,0.0077,0.0539,0.0031,0.0014,0.0027,0.0023,0.0324,0.037,0.0959,0.0366,0.012,0.0015,0.0116,0.0449,0.0046,0.2001,0.0326,0.0023,0.0082,0.0016,0.0029,0.0301,0.0012
2003-10-01,0.0668,0.0032,0.0148,0.0,0.1432,0.0834,0.006,0.0568,0.0098,0.0007,0.0516,0.018,0.0063,0.0028,0.0906,0.0027,0.0706,0.0058,0.0058,0.48,0.0036,0.0009,0.6593,0.0294,0.0221,0.0064,0.0047,0.0377,0.0182,0.0219,0.0012,0.0023,0.0011,0.0023,0.0247,0.0236,0.0443,0.0156,0.0105,0.0011,0.0086,0.0195,0.0008,0.1388,0.0054,0.0002,0.0047,0.0014,0.0006,0.0236,0.0023
2003-11-01,0.0445,0.0017,0.0269,0.0005,0.1256,0.0625,0.0059,0.052,0.0115,0.0017,0.0197,0.0178,0.006,0.0023,0.0645,0.0033,0.0566,0.006,0.009,0.3534,0.0029,0.0019,0.6504,0.0229,0.0287,0.0073,0.0084,0.0394,0.0114,0.016,0.0009,0.0031,0.0011,0.0032,0.0186,0.0205,0.0314,0.0199,0.0085,0.0014,0.0055,0.017,0.0008,0.073,0.0031,0.0002,0.003,0.0023,0.002,0.0329,0.0079
2003-12-01,0.0339,0.0014,0.022,0.0004,0.0716,0.0378,0.0074,0.04,0.0088,0.0002,0.0086,0.0127,0.0037,0.001,0.0417,0.0033,0.0544,0.0054,0.0129,0.317,0.0035,0.0017,0.6402,0.0124,0.024,0.0145,0.0034,0.0219,0.0097,0.016,0.0039,0.0053,0.0014,0.0034,0.0157,0.0147,0.0191,0.0206,0.0092,0.002,0.0021,0.0202,0.0011,0.0422,0.0016,0.0016,0.0022,0.003,0.0016,0.0168,0.0043
2004-01-01,0.0258,0.0003,0.0226,0.0003,0.0337,0.021,0.0035,0.0388,0.0076,0.0,0.0076,0.0123,0.0046,0.0015,0.0292,0.0034,0.0432,0.0067,0.0096,0.1439,0.0019,0.0013,0.6322,0.0087,0.0174,0.0074,0.0047,0.0152,0.0106,0.0161,0.0081,0.0052,0.0015,0.0036,0.0108,0.0101,0.0041,0.1113,0.0118,0.0028,0.0027,0.0137,0.0003,0.0086,0.0003,0.0005,0.0046,0.0169,0.0008,0.0173,0.0022
2004-02-01,0.0796,0.0003,0.021,0.0008,0.0247,0.0121,0.0029,0.0146,0.0071,0.0004,0.0024,0.0138,0.0038,0.0003,0.0223,0.0038,0.0466,0.0057,0.0082,0.027,0.0021,0.0032,0.6214,0.0044,0.0303,0.0091,0.0022,0.0069,0.0082,0.0357,0.002,0.0025,0.0012,0.0041,0.0053,0.0068,0.0048,0.0039,0.0048,0.0019,0.0024,0.0116,0.0,0.0064,0.0002,0.0,0.0072,0.0013,0.0003,0.0152,0.0028
2004-03-01,0.0243,0.0003,0.0215,0.0003,0.0147,0.0023,0.001,0.0195,0.0288,0.0004,0.0011,0.0129,0.0024,0.0002,0.0084,0.0019,0.0099,0.0053,0.007,0.0085,0.0003,0.0049,0.6037,0.0018,0.0056,0.0066,0.002,0.0016,0.0036,0.0107,0.0003,0.0015,0.0017,0.002,0.0044,0.0052,0.0018,0.0003,0.0026,0.0014,0.0004,0.0082,0.0161,0.0044,0.0005,0.0,0.0021,0.0,0.0003,0.0095,0.0025
2004-04-01,0.0408,0.0002,0.0198,0.0004,0.0095,0.0005,0.0007,0.0221,0.0563,0.0,0.0015,0.0082,0.0009,0.0,0.006,0.0008,0.0009,0.0071,0.0153,0.0064,0.0013,0.0065,0.5927,0.0003,0.0033,0.0052,0.0004,0.0004,0.0014,0.0034,0.0006,0.0033,0.0014,0.0014,0.0077,0.005,0.0027,0.0002,0.0029,0.0014,0.0001,0.0021,0.005,0.0026,0.0001,0.0003,0.0019,0.0001,0.0004,0.0113,0.0009
2004-05-01,0.0379,0.0009,0.0106,0.0001,0.007,0.0014,0.0007,0.0281,0.0153,0.0003,0.0029,0.0083,0.0019,0.0005,0.0021,0.0027,0.0022,0.0088,0.0309,0.0046,0.0012,0.005,0.5933,0.0008,0.0052,0.0085,0.0024,0.0004,0.0009,0.006,0.0003,0.0008,0.0017,0.0019,0.0019,0.0046,0.0024,0.0007,0.0012,0.0009,0.0003,0.0056,0.0019,0.0031,0.0006,0.0004,0.0017,0.0004,0.0005,0.0163,0.0051
2004-06-01,0.0194,0.0003,0.0072,0.0,0.0061,0.0007,0.0016,0.0422,0.0081,0.0,0.0026,0.0078,0.0011,0.0007,0.0019,0.0029,0.0036,0.0067,0.0119,0.0032,0.0013,0.0038,0.5992,0.0023,0.0039,0.0103,0.0013,0.0009,0.0011,0.0043,0.0013,0.0009,0.0029,0.0016,0.0018,0.0037,0.0038,0.0003,0.0022,0.0022,0.0008,0.0108,0.0007,0.0023,0.0001,0.0005,0.0029,0.0,0.0004,0.0239,0.0031
2004-07-01,0.0179,0.0004,0.0087,0.0001,0.0036,0.0012,0.0012,0.1103,0.0093,0.0008,0.001,0.0057,0.0009,0.0012,0.0017,0.0021,0.0023,0.0099,0.0131,0.003,0.0008,0.0033,0.5916,0.0023,0.0151,0.0088,0.0192,0.0003,0.0017,0.0045,0.0007,0.0009,0.0017,0.0019,0.0017,0.0031,0.0003,0.0001,0.0038,0.0019,0.0009,0.0156,0.002,0.0006,0.0007,0.0001,0.0031,0.0017,0.0003,0.0179,0.0054
2004-08-01,0.0274,0.0017,0.005,0.0005,0.0069,0.0002,0.001,0.0277,0.0103,0.0177,0.0032,0.0141,0.0053,0.0006,0.0023,0.0029,0.0048,0.0014,0.0138,0.0025,0.001,0.0034,0.5591,0.002,0.0013,0.0078,0.027,0.0002,0.0044,0.0028,0.0009,0.0007,0.0069,0.0022,0.0033,0.0058,0.0004,0.0004,0.003,0.0016,0.0002,0.0065,0.0021,0.0011,0.0004,0.0015,0.0036,0.0007,0.0012,0.0176,0.0099
2004-09-01,0.0211,0.0021,0.0152,0.0011,0.004,0.0006,0.0012,0.0366,0.0112,0.0526,0.0095,0.0124,0.0068,0.0015,0.0051,0.0041,0.0042,0.0012,0.0604,0.0023,0.0016,0.0049,0.5573,0.0012,0.0012,0.0057,0.0085,0.0003,0.0043,0.0054,0.0014,0.0006,0.0102,0.0014,0.0032,0.0053,0.001,0.0003,0.0023,0.0013,0.0003,0.0057,0.0048,0.0036,0.0001,0.0012,0.0048,0.0029,0.0073,0.0175,0.0202
2004-10-01,0.0206,0.0003,0.0048,0.0,0.0014,0.0001,0.0014,0.0407,0.0101,0.0,0.0,0.0081,0.0019,0.0001,0.0015,0.003,0.0128,0.0006,0.0061,0.0028,0.0002,0.005,0.561,0.0015,0.0011,0.0072,0.0051,0.0014,0.0019,0.0089,0.0017,0.0009,0.0001,0.0012,0.0022,0.0036,0.0003,0.0001,0.0016,0.0017,0.0006,0.0134,0.0003,0.0001,0.0,0.0,0.01,0.0,0.0005,0.0129,0.0022
2004-11-01,0.0583,0.0004,0.003,0.0015,0.0017,0.0006,0.0014,0.0336,0.0149,0.0,0.0012,0.0102,0.002,0.0005,0.0024,0.0037,0.0247,0.0015,0.0045,0.0031,0.0009,0.0051,0.5786,0.0077,0.0054,0.0096,0.0056,0.0006,0.0043,0.0075,0.0028,0.0004,0.0022,0.0044,0.0035,0.0076,0.0022,0.001,0.0027,0.0026,0.0009,0.0202,0.0021,0.0018,0.0,0.0005,0.0106,0.0005,0.0013,0.023,0.0005
2004-12-01,0.0282,0.0005,0.0037,0.0002,0.002,0.0005,0.0016,0.0446,0.0213,0.0001,0.0014,0.0161,0.0024,0.0007,0.0014,0.0051,0.0409,0.0028,0.012,0.0024,0.0025,0.0162,0.5892,0.0166,0.005,0.009,0.0084,0.0002,0.0074,0.0046,0.002,0.0011,0.0021,0.0043,0.0039,0.0079,0.0011,0.0006,0.0034,0.0034,0.0016,0.02,0.0045,0.0008,0.001,0.0005,0.0108,0.0004,0.0015,0.019,0.0012
2005-01-01,0.0297,0.0005,0.0054,0.001,0.0016,0.0008,0.0013,0.0245,0.0208,0.0,0.0013,0.0138,0.0046,0.0001,0.0209,0.0054,0.075,0.0049,0.0105,0.0035,0.0032,0.0159,0.6026,0.1302,0.0053,0.0083,0.0245,0.0005,0.0057,0.0054,0.0003,0.0019,0.0066,0.0051,0.0059,0.0136,0.0023,0.0005,0.0043,0.0025,0.0016,0.0085,0.0283,0.0002,0.0005,0.0017,0.0063,0.0001,0.0015,0.0177,0.0011
2005-02-01,0.0754,0.001,0.0028,0.0002,0.001,0.0002,0.0014,0.0383,0.0146,0.0001,0.005,0.0138,0.0006,0.0004,0.006,0.0035,0.0251,0.0019,0.0144,0.0012,0.0017,0.0105,0.605,0.0077,0.0011,0.01,0.0034,0.0007,0.0012,0.0028,0.0069,0.0022,0.0047,0.0024,0.0057,0.0045,0.0007,0.0001,0.0036,0.0026,0.006,0.0048,0.002,0.0008,0.0003,0.0011,0.0054,0.001,0.0003,0.0198,0.0005
2005-03-01,0.0408,0.0004,0.0057,0.0002,0.0008,0.0006,0.0022,0.0455,0.0132,0.0012,0.0081,0.0131,0.0008,0.0006,0.0024,0.0063,0.0181,0.0026,0.0045,0.0024,0.0061,0.0109,0.6245,0.0015,0.0013,0.0203,0.0069,0.002,0.0026,0.0024,0.0054,0.0029,0.0032,0.0015,0.005,0.0042,0.0003,0.0002,0.007,0.0017,0.0156,0.003,0.0024,0.0004,0.0001,0.0019,0.0039,0.0,0.0006,0.0295,0.0004
2005-04-01,0.0379,0.0001,0.007,0.0,0.001,0.001,0.001,0.0433,0.0079,0.0001,0.0001,0.0083,0.0012,0.0006,0.0003,0.0035,0.0259,0.0017,0.0009,0.0004,0.0003,0.004,0.6387,0.0,0.0005,0.0371,0.0194,0.0019,0.0015,0.0046,0.0006,0.0001,0.0003,0.0016,0.0015,0.0025,0.0003,0.0012,0.0014,0.0015,0.0035,0.0052,0.0013,0.0,0.0001,0.0005,0.0039,0.0,0.0011,0.0108,0.0005
2005-05-01,0.0318,0.0003,0.0065,0.0001,0.003,0.0008,0.0044,0.0434,0.0148,0.0,0.0014,0.0102,0.0031,0.0026,0.0054,0.0085,0.0307,0.0017,0.0081,0.0012,0.0005,0.0075,0.6701,0.0005,0.0029,0.0577,0.0068,0.004,0.0044,0.0082,0.001,0.0012,0.0027,0.0032,0.0039,0.0066,0.001,0.0014,0.0032,0.0034,0.0081,0.0124,0.0011,0.0009,0.0002,0.0008,0.0078,0.0004,0.0088,0.0115,0.0009
2005-06-01,0.0521,0.0015,0.0046,0.0,0.0015,0.0008,0.0029,0.0675,0.0303,0.0007,0.0066,0.009,0.0025,0.0015,0.0087,0.0072,0.0404,0.0019,0.0131,0.0015,0.0019,0.0082,0.7026,0.0031,0.0035,0.0842,0.0029,0.0046,0.0054,0.005,0.0026,0.0008,0.005,0.0022,0.003,0.0081,0.0014,0.0006,0.0042,0.0025,0.0472,0.0095,0.0013,0.0003,0.0005,0.001,0.0113,0.001,0.0057,0.0169,0.0027
2005-07-01,0.0148,0.0002,0.0031,0.0,0.0004,0.0002,0.0033,0.0708,0.0103,0.0,0.0012,0.0086,0.0016,0.0,0.0001,0.0037,0.0573,0.0036,0.031,0.0002,0.0005,0.0027,0.71,0.0004,0.0011,0.1101,0.0014,0.0001,0.0047,0.0032,0.0006,0.0011,0.0004,0.0018,0.0017,0.0035,0.0007,0.0002,0.0032,0.0022,0.0002,0.0032,0.0001,0.0,0.0001,0.0003,0.0038,0.0001,0.001,0.0149,0.0004
2005-08-01,0.0324,0.0003,0.0037,0.0005,0.0004,0.0014,0.0041,0.0465,0.0053,0.0001,0.0006,0.0115,0.0028,0.0004,0.0006,0.0049,0.0208,0.0009,0.2781,0.0009,0.0006,0.0041,0.7166,0.0002,0.0015,0.2604,0.0079,0.0005,0.0039,0.0077,0.002,0.0012,0.0013,0.0029,0.0031,0.005,0.0009,0.0017,0.0053,0.0049,0.0004,0.0047,0.0018,0.0004,0.0,0.0007,0.006,0.001,0.001,0.0206,0.0004
2005-09-01,0.0474,0.0002,0.0027,0.0001,0.0006,0.0004,0.0028,0.0481,0.0075,0.0001,0.0026,0.0227,0.0013,0.0,0.0019,0.001,0.0033,0.0027,0.9926,0.0018,0.0008,0.0049,0.7273,0.0008,0.0089,0.5589,0.002,0.0002,0.0048,0.0063,0.0011,0.002,0.0013,0.0022,0.0054,0.0041,0.0005,0.0004,0.0044,0.0072,0.005,0.0041,0.0005,0.0002,0.0002,0.0007,0.0142,0.0183,0.0008,0.0263,0.0005
2005-10-01,0.0476,0.0001,0.0053,0.0014,0.0023,0.0007,0.0024,0.0365,0.0114,0.0017,0.0031,0.0269,0.0046,0.002,0.0032,0.0023,0.003,0.0054,0.9906,0.0044,0.0047,0.0062,0.7753,0.0018,0.0066,0.0318,0.0024,0.0008,0.0122,0.0067,0.004,0.0031,0.0019,0.0037,0.0097,0.0054,0.0004,0.0013,0.0054,0.0109,0.0031,0.014,0.0033,0.0003,0.0005,0.0074,0.0143,0.0,0.0031,0.0397,0.0008
2005-11-01,0.0337,0.0004,0.0017,0.0003,0.0011,0.0002,0.0016,0.0201,0.0077,0.001,0.0013,0.029,0.004,0.0002,0.0013,0.0031,0.0024,0.0033,0.0029,0.0008,0.0029,0.0034,0.7933,0.0008,0.0023,0.0043,0.0026,0.0003,0.0041,0.0063,0.0023,0.0015,0.0003,0.0028,0.0041,0.0048,0.0004,0.0002,0.0025,0.0067,0.0028,0.0025,0.0016,0.0,0.0001,0.0022,0.0081,0.0001,0.0008,0.0122,0.0011
2005-12-01,0.0674,0.001,0.0024,0.0001,0.001,0.0001,0.0003,0.0311,0.0303,0.0004,0.0021,0.0119,0.0024,0.0002,0.002,0.0028,0.0029,0.0027,0.001,0.0008,0.002,0.0023,0.8225,0.0009,0.0014,0.0206,0.0045,0.0004,0.0019,0.0074,0.0046,0.001,0.0016,0.0034,0.0022,0.0052,0.0009,0.0007,0.0032,0.0058,0.0183,0.0019,0.003,0.0001,0.0001,0.0016,0.0044,0.0001,0.0002,0.0098,0.0006
2006-01-01,0.046,0.0011,0.0006,0.0,0.0049,0.0,0.0,0.0713,0.0396,0.0008,0.001,0.0178,0.0005,0.0,0.0008,0.0038,0.0027,0.0006,0.0005,0.0009,0.0004,0.0019,0.8425,0.0008,0.001,0.0082,0.0018,0.0001,0.0008,0.0028,0.0192,0.0001,0.0002,0.0046,0.0029,0.005,0.0006,0.0005,0.0014,0.0054,0.0,0.001,0.0003,0.0001,0.0,0.0,0.0057,0.0001,0.0026,0.0078,0.0001
2006-02-01,0.0134,0.0005,0.0049,0.0001,0.003,0.0005,0.0044,0.0501,0.0412,0.0003,0.002,0.012,0.0005,0.0001,0.0003,0.0046,0.0013,0.0021,0.0,0.0005,0.0006,0.0023,0.8566,0.0031,0.0012,0.0018,0.0005,0.0005,0.0006,0.0034,0.0027,0.0002,0.0002,0.0065,0.0036,0.0056,0.0008,0.0003,0.001,0.0026,0.0005,0.0023,0.0023,0.0004,0.0,0.0003,0.0048,0.0002,0.0011,0.0161,0.0006
2006-03-01,0.0136,0.0005,0.0091,0.0,0.0044,0.0002,0.0017,0.0466,0.0479,0.0001,0.0016,0.0134,0.0016,0.0002,0.0011,0.0078,0.005,0.0043,0.0004,0.0006,0.0007,0.0014,0.8684,0.005,0.0022,0.0016,0.0018,0.0004,0.0009,0.0139,0.001,0.001,0.0003,0.0103,0.0021,0.008,0.002,0.0007,0.0021,0.0003,0.0073,0.0025,0.0008,0.0002,0.0,0.0007,0.007,0.0008,0.0012,0.0249,0.0008
2006-04-01,0.0232,0.0023,0.02,0.0004,0.0044,0.0007,0.0001,0.0733,0.0547,0.001,0.0013,0.0134,0.0026,0.0002,0.0027,0.0188,0.0099,0.0234,0.0048,0.0008,0.0041,0.0019,0.8858,0.0204,0.0035,0.0041,0.0015,0.0001,0.0022,0.021,0.0005,0.0036,0.0012,0.0191,0.002,0.0138,0.0125,0.0005,0.0033,0.0007,0.0224,0.0061,0.0014,0.0009,0.0001,0.005,0.0107,0.0006,0.0006,0.0588,0.0008
2006-05-01,0.039,0.0023,0.0622,0.0006,0.0032,0.0003,0.0009,0.0658,0.0577,0.0002,0.0046,0.0128,0.004,0.0006,0.002,0.0256,0.0118,0.0256,0.0009,0.0017,0.0051,0.0163,0.9021,0.0222,0.0105,0.0036,0.003,0.0005,0.0066,0.0137,0.0096,0.0031,0.0008,0.0278,0.0021,0.0192,0.0014,0.0003,0.0054,0.007,0.348,0.0052,0.0015,0.0003,0.0,0.0023,0.0102,0.0004,0.006,0.0551,0.0012
2006-06-01,0.0219,0.0004,0.0731,0.0008,0.0049,0.0005,0.0007,0.0407,0.0761,0.0004,0.0045,0.0151,0.005,0.0003,0.001,0.0151,0.0146,0.0277,0.0019,0.0004,0.0059,0.0112,0.905,0.0061,0.0075,0.0061,0.0024,0.0007,0.0083,0.0035,0.0028,0.0022,0.0004,0.0379,0.0035,0.0196,0.0008,0.0012,0.0059,0.0046,0.6043,0.0042,0.0017,0.0002,0.0,0.0023,0.0078,0.0003,0.0009,0.0341,0.0005
2006-07-01,0.2797,0.0024,0.1301,0.003,0.0112,0.004,0.002,0.0617,0.0898,0.0019,0.01,0.0222,0.0159,0.0008,0.0027,0.0248,0.0971,0.0293,0.0096,0.0008,0.0068,0.0094,0.9136,0.0128,0.007,0.0217,0.0205,0.0,0.0113,0.0077,0.0019,0.0027,0.0117,0.0583,0.0043,0.0259,0.003,0.0019,0.0046,0.0068,0.0299,0.0028,0.0084,0.0013,0.0001,0.0056,0.0095,0.006,0.0039,0.0668,0.0023
2006-08-01,0.1371,0.0014,0.1155,0.0018,0.0127,0.0011,0.0055,0.0518,0.0664,0.0016,0.0039,0.0193,0.0089,0.0005,0.0015,0.0116,0.0093,0.0047,0.0004,0.0011,0.0039,0.0034,0.8988,0.0153,0.0053,0.0015,0.2725,0.0005,0.0029,0.0075,0.0039,0.0023,0.0057,0.0701,0.0031,0.0196,0.0013,0.0017,0.0027,0.0037,0.0055,0.0023,0.0102,0.0001,0.0002,0.005,0.0069,0.0003,0.0018,0.0323,0.0005
2006-09-01,0.1026,0.002,0.1115,0.0026,0.0194,0.0002,0.0288,0.0352,0.0562,0.0068,0.0017,0.0292,0.004,0.002,0.0032,0.0063,0.0007,0.0044,0.0004,0.0008,0.0019,0.0098,0.8933,0.0151,0.0041,0.003,0.1988,0.0011,0.0033,0.0053,0.0022,0.0044,0.0029,0.0923,0.0015,0.0191,0.0047,0.0011,0.0035,0.0039,0.0008,0.0076,0.0236,0.0,0.001,0.0073,0.0044,0.0003,0.0017,0.027,0.0009
2006-10-01,0.1413,0.0058,0.1166,0.0063,0.029,0.0005,0.0131,0.0335,0.0476,0.0151,0.0006,0.0525,0.0039,0.0045,0.0055,0.0044,0.0028,0.006,0.0073,0.0006,0.0017,0.0059,0.8971,0.0232,0.0039,0.0054,0.0691,0.0,0.0064,0.0083,0.0021,0.0037,0.0194,0.1121,0.0017,0.0201,0.0085,0.0009,0.003,0.008,0.0001,0.0063,0.0425,0.001,0.0014,0.0045,0.0081,0.0009,0.0034,0.0351,0.0017
2006-11-01,0.0301,0.0019,0.1104,0.0087,0.0326,0.0005,0.006,0.041,0.049,0.0169,0.0023,0.0294,0.0034,0.0015,0.0021,0.0051,0.0069,0.003,0.0028,0.0007,0.0016,0.003,0.8852,0.0054,0.0015,0.0065,0.0203,0.0,0.0029,0.0038,0.0024,0.0032,0.0018,0.1163,0.0014,0.0178,0.0063,0.0008,0.0028,0.0131,0.0018,0.0019,0.0195,0.0003,0.0,0.0025,0.0092,0.0005,0.0021,0.0334,0.0012
2006-12-01,0.034,0.0003,0.0893,0.0073,0.0366,0.0,0.0023,0.0408,0.055,0.0307,0.0017,0.0324,0.0017,0.0005,0.001,0.0044,0.0017,0.0008,0.0012,0.0005,0.0011,0.0022,0.8806,0.003,0.0021,0.0093,0.0044,0.0003,0.0024,0.0024,0.0007,0.0033,0.0023,0.13,0.0007,0.0133,0.0009,0.0015,0.0016,0.02,0.0,0.0013,0.0064,0.0001,0.0001,0.0013,0.0226,0.0,0.0012,0.0523,0.0
2007-01-01,0.0355,0.0,0.0825,0.0091,0.0432,0.0016,0.0027,0.0475,0.0992,0.0609,0.0018,0.0405,0.0056,0.0004,0.001,0.0088,0.0058,0.0014,0.0007,0.0006,0.0015,0.0026,0.8834,0.0032,0.009,0.0128,0.0022,0.0003,0.0058,0.0018,0.0011,0.0085,0.0067,0.1609,0.0009,0.0142,0.0019,0.0025,0.0033,0.0412,0.0004,0.0031,0.0054,0.0006,0.0,0.0011,0.0202,0.0005,0.0011,0.0989,0.0002
2007-02-01,0.0276,0.0008,0.0797,0.0076,0.051,0.0003,0.0028,0.029,0.1153,0.117,0.0104,0.0436,0.0084,0.0004,0.0052,0.0142,0.0047,0.0039,0.0014,0.0018,0.008,0.004,0.8776,0.0039,0.0068,0.0192,0.0036,0.0,0.0071,0.0039,0.0018,0.0106,0.0015,0.1866,0.0029,0.0226,0.0004,0.0022,0.0074,0.0846,0.003,0.0036,0.0065,0.0004,0.0001,0.0049,0.0165,0.0,0.002,0.1726,0.0009
2007-03-01,0.0539,0.0038,0.0825,0.017,0.077,0.0001,0.0013,0.0612,0.0784,0.2094,0.0217,0.0554,0.0074,0.0008,0.0024,0.0051,0.0004,0.0046,0.0046,0.0017,0.0031,0.0082,0.8821,0.0055,0.0032,0.0255,0.004,0.0006,0.0031,0.0048,0.0074,0.0033,0.0016,0.3102,0.0028,0.015,0.0003,0.0044,0.0028,0.1139,0.0025,0.0019,0.0042,0.0003,0.0002,0.0056,0.0127,0.0009,0.0016,0.0357,0.0009
2007-04-01,0.0724,0.0209,0.1712,0.0589,0.1426,0.0002,0.0013,0.1004,0.0706,0.6583,0.0466,0.0794,0.0047,0.0032,0.0035,0.0114,0.0054,0.009,0.1155,0.0013,0.0061,0.0288,0.8903,0.0079,0.02,0.0135,0.0152,0.0026,0.0059,0.0025,0.0126,0.0024,0.0572,0.4131,0.0039,0.0196,0.0216,0.034,0.0045,0.1433,0.008,0.0035,0.0168,0.0001,0.0011,0.0108,0.0148,0.0004,0.0018,0.0428,0.0032
2007-05-01,0.0558,0.0111,0.1927,0.0544,0.1417,0.0004,0.0006,0.1126,0.0605,0.7799,0.0526,0.0375,0.0036,0.0123,0.0033,0.0165,0.0048,0.0136,0.0197,0.0004,0.004,0.0097,0.8943,0.0074,0.0193,0.0138,0.0189,0.0019,0.0025,0.0025,0.0013,0.0027,0.0133,0.4729,0.0022,0.0249,0.0065,0.0184,0.0032,0.1693,0.0057,0.0042,0.0066,0.0,0.0006,0.0112,0.01,0.0,0.0008,0.0313,0.0007
2007-06-01,0.0685,0.0078,0.208,0.06,0.1675,0.0004,0.0004,0.0822,0.0729,0.8808,0.0605,0.0449,0.0045,0.0429,0.0056,0.0206,0.0004,0.0408,0.0035,0.0007,0.0055,0.0015,0.9019,0.0084,0.0222,0.0144,0.02,0.0019,0.0024,0.0024,0.0012,0.0055,0.0046,0.5695,0.002,0.0342,0.0012,0.0204,0.0032,0.2522,0.0048,0.0096,0.0019,0.0,0.003,0.0135,0.0104,0.0002,0.0018,0.0206,0.0016
2007-07-01,0.1033,0.0087,0.2415,0.1288,0.2198,0.0019,0.0008,0.0476,0.1065,0.9804,0.0771,0.0911,0.0147,0.2616,0.0105,0.0442,0.0069,0.0849,0.0094,0.0024,0.0063,0.0021,0.91,0.0131,0.0212,0.0177,0.0178,0.0086,0.004,0.0038,0.0051,0.0085,0.007,0.6182,0.0038,0.072,0.0016,0.0249,0.0077,0.3966,0.0339,0.0084,0.0045,0.0005,0.0139,0.0197,0.0312,0.0012,0.0194,0.0294,0.0017
2007-08-01,0.0465,0.0072,0.1897,0.1882,0.4036,0.002,0.0007,0.0416,0.1115,0.9883,0.0842,0.0991,0.0147,0.287,0.0135,0.0446,0.0137,0.0808,0.0026,0.0028,0.0096,0.0044,0.9133,0.0247,0.0143,0.0097,0.0375,0.0067,0.0069,0.0054,0.01,0.0104,0.0039,0.6406,0.0049,0.0721,0.0005,0.024,0.0132,0.5298,0.0311,0.0169,0.0086,0.0005,0.0245,0.0273,0.0443,0.0009,0.0177,0.0206,0.0016
2007-09-01,0.0377,0.0085,0.1994,0.259,0.4815,0.0008,0.0015,0.0301,0.1067,0.9934,0.1041,0.0916,0.0135,0.3634,0.015,0.0401,0.012,0.0647,0.0013,0.0021,0.0169,0.0037,0.9175,0.0287,0.0168,0.0143,0.0493,0.0079,0.0034,0.0069,0.0064,0.0153,0.0039,0.6629,0.0039,0.0818,0.0011,0.0337,0.0134,0.6099,0.0255,0.0234,0.0218,0.0003,0.058,0.0293,0.0407,0.0009,0.0166,0.0251,0.0015
2007-10-01,0.045,0.0187,0.1991,0.3825,0.5594,0.0021,0.002,0.0134,0.0964,0.9955,0.1282,0.1218,0.0125,0.3827,0.0176,0.0587,0.0118,0.0873,0.0017,0.0015,0.0207,0.0038,0.9258,0.0259,0.023,0.0233,0.0311,0.0108,0.002,0.0071,0.005,0.0104,0.0025,0.6749,0.0012,0.0846,0.0009,0.0371,0.0112,0.6337,0.0392,0.0167,0.0374,0.0004,0.0694,0.0372,0.0362,0.0003,0.0205,0.0294,0.0005
2007-11-01,0.0318,0.043,0.2006,0.6106,0.6005,0.0032,0.0031,0.035,0.0812,0.9949,0.1548,0.1489,0.0161,0.3903,0.0214,0.0847,0.0108,0.0929,0.0069,0.0017,0.0215,0.0037,0.9264,0.0224,0.0225,0.038,0.0446,0.0166,0.0006,0.0099,0.0026,0.0224,0.0037,0.7069,0.0027,0.1025,0.0026,0.0805,0.0128,0.6553,0.0496,0.0153,0.048,0.0005,0.1514,0.038,0.0285,0.0,0.0126,0.0292,0.0001
2007-12-01,0.033,0.0792,0.2226,0.7673,0.6972,0.0076,0.0046,0.0318,0.0949,0.9973,0.1981,0.1373,0.0479,0.5926,0.0351,0.1436,0.0183,0.133,0.0068,0.0025,0.0297,0.0143,0.9365,0.0248,0.0314,0.0573,0.0588,0.0414,0.0019,0.0124,0.0032,0.0339,0.0073,0.7546,0.0042,0.149,0.0089,0.1503,0.0164,0.6722,0.062,0.0138,0.0768,0.0006,0.4721,0.0484,0.0298,0.0009,0.0087,0.0237,0.0001
2008-01-01,0.0177,0.3359,0.266,0.8684,0.8412,0.0143,0.007,0.0555,0.1722,0.9998,0.2781,0.2096,0.0671,0.7389,0.056,0.214,0.0132,0.1769,0.0243,0.0049,0.0619,0.0301,0.9508,0.0309,0.0454,0.1109,0.0906,0.1282,0.0006,0.0169,0.005,0.059,0.0296,0.8358,0.0069,0.1901,0.0009,0.3167,0.0222,0.6913,0.0984,0.0077,0.1541,0.0008,0.9526,0.0634,0.0431,0.002,0.0125,0.0263,0.0009
2008-02-01,0.0508,0.4477,0.3183,0.9408,0.8518,0.0394,0.0413,0.0419,0.2627,0.9986,0.5377,0.2743,0.1103,0.7129,0.1222,0.2989,0.021,0.3414,0.0078,0.0207,0.1949,0.0467,0.961,0.0559,0.1092,0.2515,0.157,0.2762,0.001,0.0743,0.0393,0.2094,0.0183,0.871,0.02,0.3664,0.0091,0.4104,0.0399,0.756,0.4167,0.0266,0.2809,0.005,0.9563,0.1628,0.0708,0.0084,0.0305,0.0416,0.0016
2008-03-01,0.06,0.6152,0.5747,0.9854,0.9014,0.1423,0.113,0.0251,0.4219,0.9997,0.8783,0.3765,0.1724,0.7312,0.1918,0.4429,0.0395,0.5641,0.0162,0.0563,0.388,0.0767,0.9728,0.1756,0.2278,0.4666,0.2855,0.7514,0.003,0.1262,0.0567,0.3993,0.0392,0.904,0.0313,0.5712,0.1119,0.5859,0.0553,0.814,0.7788,0.0877,0.6061,0.0471,0.973,0.2848,0.1334,0.0419,0.0654,0.0865,0.0035
2008-04-01,0.0484,0.6609,0.655,0.9922,0.921,0.2024,0.2974,0.0246,0.5711,1.0,0.9578,0.5107,0.2251,0.7839,0.2449,0.4701,0.0873,0.6143,0.013,0.1241,0.4847,0.1265,0.9771,0.3425,0.259,0.5701,0.5213,0.9365,0.007,0.1873,0.0719,0.7093,0.0674,0.9274,0.0473,0.5601,0.1973,0.7599,0.0622,0.8633,0.9293,0.1525,0.7889,0.0522,0.9819,0.338,0.1848,0.0848,0.0885,0.0769,0.0046
2008-05-01,0.0222,0.8609,0.6871,0.9964,0.9656,0.418,0.4461,0.0226,0.7987,1.0,0.9808,0.6099,0.2807,0.8317,0.3503,0.5282,0.2245,0.6823,0.0192,0.275,0.7029,0.228,0.9757,0.3585,0.338,0.7827,0.5702,0.9688,0.0072,0.238,0.0961,0.8317,0.1162,0.9501,0.1093,0.6507,0.2735,0.9101,0.1305,0.9063,0.9468,0.1653,0.8661,0.1096,0.9932,0.5343,0.3279,0.119,0.0975,0.0731,0.0042
2008-06-01,0.0459,0.9313,0.6938,0.9987,0.9815,0.7415,0.5812,0.0248,0.8733,0.9999,0.9915,0.7372,0.4071,0.8957,0.4835,0.6699,0.3316,0.8692,0.0244,0.3882,0.8103,0.3447,0.9764,0.4354,0.5168,0.9263,0.6508,0.9889,0.0077,0.2951,0.1302,0.8976,0.1448,0.969,0.1802,0.7621,0.3288,0.9497,0.2456,0.9423,0.9918,0.2071,0.962,0.1843,0.9946,0.6331,0.5817,0.1491,0.1428,0.0443,0.0106
2008-07-01,0.0488,0.9541,0.7594,0.9994,0.9896,0.8492,0.7889,0.025,0.9074,1.0,0.9987,0.8216,0.4655,0.9231,0.6192,0.7883,0.452,0.9484,0.0403,0.5257,0.8369,0.6881,0.9871,0.5198,0.793,0.9725,0.6762,0.9957,0.0083,0.3205,0.2021,0.9624,0.2187,0.9793,0.3019,0.859,0.3262,0.9679,0.3584,0.975,0.9993,0.2278,0.9874,0.2907,0.9958,0.7468,0.6463,0.1946,0.2021,0.0488,0.0216
2008-08-01,0.0855,0.985,0.8172,0.9978,0.9944,0.9268,0.8584,0.0691,0.9353,1.0,0.9991,0.8453,0.5789,0.995,0.8288,0.8741,0.5079,0.9702,0.0527,0.7312,0.9003,0.8604,0.9879,0.6419,0.8004,0.9557,0.7766,0.9973,0.0392,0.3269,0.3061,0.9827,0.2491,0.9846,0.5906,0.9181,0.4014,0.9897,0.4838,0.9775,0.9973,0.2424,0.9926,0.6676,0.9957,0.8655,0.7066,0.3762,0.3053,0.0952,0.0455
2008-09-01,0.085,0.9958,0.897,0.9997,0.9966,0.9867,0.9344,0.4398,0.9589,0.9999,0.9996,0.9276,0.7135,0.9993,0.9652,0.9621,0.4522,0.996,0.4669,0.8853,0.9678,0.9207,0.9901,0.8021,0.866,0.9745,0.8546,0.9977,0.0502,0.3755,0.484,0.9912,0.3944,0.9887,0.8253,0.9671,0.5656,0.9937,0.645,0.9848,0.9953,0.4235,0.9983,0.9422,0.9994,0.9582,0.7427,0.9471,0.3654,0.1256,0.0753
2008-10-01,0.1197,0.9999,0.9816,1.0,0.9996,0.9994,0.9748,0.4872,0.9764,1.0,1.0,0.9287,0.9269,1.0,0.9939,0.9936,0.5468,0.9988,0.0373,0.9591,0.9867,0.9423,0.9917,0.9232,0.9608,0.9868,0.9199,1.0,0.0831,0.4511,0.8975,0.9987,0.8972,0.9921,0.9266,0.9936,0.8322,0.9999,0.9084,0.9949,0.9998,0.5736,0.9997,0.9589,1.0,0.991,0.8316,1.0,0.9335,0.2066,0.1871
2008-11-01,0.1003,1.0,0.998,1.0,1.0,0.9998,0.9895,0.4253,0.9793,1.0,0.9998,0.9069,0.9906,1.0,0.9992,0.9987,0.773,0.9987,0.1481,0.9938,0.9972,0.988,0.9926,0.9939,0.9952,0.9934,0.9529,1.0,0.1312,0.7157,0.9653,0.9995,0.9847,0.9935,0.9633,0.9993,0.9384,0.9999,0.9679,0.9979,0.9998,0.7654,0.9999,0.9875,1.0,0.9984,0.8949,0.9721,0.989,0.353,0.638
2008-12-01,0.0869,0.9999,0.9995,1.0,1.0,1.0,0.9974,0.3693,0.9935,1.0,0.9998,0.9546,0.9979,0.9999,0.9997,0.9997,0.916,0.9996,0.3547,0.9988,0.9985,0.995,0.9935,0.9998,0.9991,0.9983,0.9859,1.0,0.2595,0.8821,0.9968,0.9995,0.999,0.9942,0.9803,0.9996,0.9824,1.0,0.982,0.9982,0.9999,0.8496,0.9999,0.9993,1.0,0.9994,0.9684,0.9999,0.9993,0.5265,0.9297
2009-01-01,0.2094,1.0,0.999,1.0,1.0,0.9999,0.9995,0.3242,0.9955,1.0,1.0,0.9457,0.9998,1.0,1.0,0.9998,0.9703,0.9998,0.7402,0.9999,0.9997,0.9968,0.9931,0.9998,0.9999,0.9992,0.9959,1.0,0.3339,0.9773,0.9975,0.9992,0.9999,0.9945,0.9867,1.0,0.9996,1.0,0.9911,0.999,1.0,0.9459,0.9999,1.0,1.0,0.9999,0.983,1.0,1.0,0.6513,0.9949
2009-02-01,0.1349,0.9999,0.9983,1.0,1.0,1.0,0.9997,0.41,0.9932,1.0,0.9997,0.9407,0.9993,1.0,1.0,0.9996,0.9957,0.9993,0.7734,0.9999,0.9986,0.9967,0.9899,0.9999,0.9994,0.9988,0.9851,1.0,0.3202,0.9916,0.9994,0.9994,0.9999,0.994,0.9858,0.9996,0.9999,1.0,0.9917,0.9977,1.0,0.9784,1.0,1.0,1.0,1.0,0.9755,1.0,0.9999,0.6927,0.9996
2009-03-01,0.1576,0.9999,0.9999,1.0,1.0,1.0,0.9998,0.4811,0.9946,1.0,0.9998,0.9281,1.0,1.0,1.0,0.9992,0.9995,0.9978,0.8857,0.9998,0.998,0.9882,0.9901,1.0,0.9995,0.9982,0.9731,1.0,0.3395,0.9938,0.9985,0.9989,0.9999,0.9939,0.9843,0.9999,1.0,1.0,0.9923,0.9952,1.0,0.9899,1.0,1.0,1.0,0.9999,0.9697,1.0,0.9997,0.7198,0.9995
2009-04-01,0.1492,0.9999,0.9989,1.0,1.0,1.0,0.9998,0.4746,0.9895,1.0,0.9997,0.9179,0.9995,0.9998,1.0,0.9984,0.9999,0.9874,0.8795,0.9984,0.9909,0.9247,0.9879,0.9995,0.9991,0.9921,0.7724,0.9999,0.3412,0.9917,0.9893,0.9955,0.9959,0.9935,0.9771,0.9998,1.0,0.9997,0.9809,0.983,0.9998,0.9887,1.0,1.0,1.0,0.9996,0.9443,1.0,0.9999,0.702,0.9997
2009-05-01,0.1229,0.9997,0.9986,0.9994,0.9996,0.9991,0.9909,0.1766,0.9653,0.9995,0.9995,0.88,0.9961,0.9956,0.9961,0.9764,0.9954,0.9213,0.6244,0.9871,0.9759,0.8921,0.9852,0.9974,0.991,0.9686,0.6756,0.9995,0.0203,0.9519,0.9348,0.9596,0.9546,0.9918,0.7354,0.9988,0.9996,0.9971,0.899,0.9208,0.9993,0.6223,0.998,0.9999,0.9991,0.9889,0.806,0.9984,0.9959,0.5209,0.9911
2009-06-01,0.1125,0.9989,0.9826,0.9994,1.0,1.0,0.9923,0.0801,0.9721,0.9996,0.9995,0.8262,0.9951,0.9851,0.9955,0.9407,0.9914,0.8621,0.6028,0.9753,0.977,0.8915,0.9742,0.9985,0.9844,0.9499,0.6096,0.9996,0.0228,0.9327,0.9446,0.9594,0.9451,0.99,0.681,0.9968,0.9991,0.9961,0.8502,0.8904,0.9985,0.6761,0.9945,0.9998,0.9999,0.9921,0.7862,0.9994,0.9953,0.4451,0.9997
2009-07-01,0.0748,0.992,0.9567,0.9994,0.9998,0.9999,0.9845,0.038,0.9576,0.9994,0.9991,0.8316,0.9783,0.998,0.9871,0.7617,0.9769,0.7278,0.4535,0.9282,0.9834,0.7709,0.8527,0.9868,0.9727,0.9261,0.5805,0.9996,0.025,0.8806,0.9244,0.9407,0.9199,0.9865,0.5931,0.9779,0.9991,0.9889,0.7503,0.8547,0.9888,0.6661,0.8983,0.9996,1.0,0.9945,0.6818,0.9995,0.9833,0.5233,0.9978
2009-08-01,0.0759,0.9872,0.9463,0.9991,0.9885,0.9999,0.9477,0.0972,0.9194,0.9975,0.9976,0.781,0.8675,0.9867,0.9395,0.1898,0.9585,0.5573,0.3736,0.5366,0.9696,0.5203,0.6617,0.9807,0.9412,0.9026,0.5023,0.9986,0.0172,0.8963,0.4531,0.8613,0.8805,0.9801,0.6324,0.7132,0.9991,0.9895,0.5421,0.4803,0.9775,0.7145,0.7439,0.9981,0.9965,0.9907,0.302,0.9916,0.8683,0.4533,0.9759
2009-09-01,0.0704,0.9555,0.9382,0.9983,0.9589,0.9985,0.9109,0.2551,0.8729,0.984,0.9863,0.7213,0.8407,0.9587,0.7976,0.1633,0.9216,0.4327,0.3716,0.3201,0.9594,0.1574,0.5045,0.9526,0.9331,0.8529,0.4121,0.9967,0.0064,0.8872,0.2162,0.8185,0.8904,0.971,0.6341,0.2863,0.998,0.9565,0.3398,0.2128,0.953,0.6816,0.5393,0.9744,0.9948,0.9904,0.2675,0.9708,0.4614,0.4463,0.8948
2009-10-01,0.0646,0.8355,0.9016,0.9908,0.7695,0.9978,0.9022,0.0527,0.8442,0.9477,0.9352,0.5975,0.8279,0.8837,0.648,0.0831,0.8624,0.3882,0.4208,0.2153,0.9436,0.129,0.423,0.0872,0.9042,0.7762,0.3097,0.9942,0.0074,0.8495,0.1727,0.762,0.8716,0.963,0.483,0.2205,0.9897,0.9331,0.2019,0.1216,0.7924,0.6959,0.2573,0.9188,0.9936,0.9751,0.1367,0.9379,0.2228,0.2808,0.876
2009-11-01,0.0931,0.5079,0.7484,0.949,0.7684,0.993,0.8768,0.0402,0.853,0.8152,0.8608,0.5134,0.7448,0.9339,0.339,0.0318,0.7192,0.3641,0.357,0.0733,0.9449,0.09,0.3775,0.0672,0.778,0.4899,0.2534,0.9055,0.0035,0.8152,0.1473,0.6059,0.6881,0.9371,0.256,0.1532,0.8936,0.8136,0.132,0.0757,0.6636,0.6514,0.1483,0.7368,0.9805,0.9689,0.076,0.9027,0.167,0.1246,0.6427
2009-12-01,0.0807,0.4208,0.7299,0.9013,0.733,0.983,0.8668,0.0451,0.8508,0.7362,0.7991,0.3423,0.6589,0.9406,0.2498,0.0206,0.6576,0.3729,0.3774,0.0166,0.9518,0.0548,0.3112,0.0513,0.6795,0.3571,0.217,0.8473,0.0034,0.8117,0.0942,0.5503,0.5263,0.9205,0.1539,0.0987,0.8243,0.6587,0.104,0.0369,0.525,0.6633,0.1329,0.5093,0.9616,0.9707,0.0528,0.7317,0.0813,0.0712,0.4839
2010-01-01,0.0512,0.3367,0.6777,0.7579,0.6565,0.9266,0.8641,0.0524,0.7881,0.4222,0.7212,0.1785,0.4266,0.9431,0.1037,0.0099,0.4969,0.3499,0.2591,0.0035,0.9581,0.0327,0.2566,0.0468,0.5913,0.2284,0.1721,0.6934,0.004,0.6084,0.081,0.529,0.3468,0.9125,0.07,0.0414,0.5983,0.4768,0.0783,0.0167,0.1326,0.6132,0.0359,0.1083,0.8598,0.9685,0.0266,0.4532,0.0425,0.0752,0.1992
2010-02-01,0.0609,0.2374,0.4674,0.6755,0.5515,0.1872,0.3122,0.0973,0.679,0.2339,0.481,0.1661,0.1998,0.1359,0.0475,0.006,0.3043,0.3094,0.1098,0.0055,0.9879,0.0294,0.2012,0.032,0.2812,0.1173,0.1551,0.5413,0.0016,0.2164,0.0493,0.4596,0.155,0.8542,0.0372,0.0283,0.333,0.2928,0.054,0.0114,0.0466,0.2888,0.0272,0.0652,0.7469,0.9487,0.0183,0.3306,0.0184,0.0507,0.0748
2010-03-01,0.04,0.0428,0.0475,0.5484,0.277,0.1059,0.0777,0.0137,0.1021,0.0817,0.1296,0.1177,0.087,0.0772,0.0243,0.0024,0.1173,0.0242,0.015,0.0032,0.0025,0.0158,0.1364,0.0103,0.1469,0.0307,0.0886,0.0643,0.0003,0.089,0.0106,0.163,0.0731,0.8013,0.0119,0.0118,0.0424,0.0906,0.0069,0.0061,0.0155,0.0814,0.0081,0.0058,0.2049,0.0121,0.005,0.0402,0.005,0.0096,0.0241
2010-04-01,0.0187,0.0104,0.019,0.4788,0.0785,0.0556,0.0039,0.0077,0.0161,0.0134,0.0505,0.0871,0.0689,0.0638,0.0066,0.0013,0.0164,0.0041,0.0102,0.0013,0.0001,0.0147,0.0663,0.0021,0.0864,0.0091,0.08,0.0108,0.0003,0.0194,0.0073,0.0679,0.0466,0.7149,0.0046,0.0053,0.0067,0.0195,0.0014,0.0037,0.0005,0.0256,0.0004,0.0022,0.0866,0.0004,0.0013,0.0043,0.0009,0.0145,0.0049
2010-05-01,0.0164,0.0044,0.0101,0.4448,0.084,0.0299,0.0013,0.0169,0.0085,0.0037,0.0196,0.0731,0.0842,0.0675,0.006,0.0018,0.0062,0.0019,0.0038,0.0008,0.0006,0.0162,0.0461,0.0021,0.062,0.0077,0.0636,0.0034,0.0039,0.0119,0.0052,0.0648,0.0442,0.6843,0.006,0.005,0.0035,0.0118,0.0012,0.0011,0.0004,0.0194,0.0002,0.0006,0.0594,0.0004,0.0084,0.0021,0.0018,0.0093,0.0053
2010-06-01,0.0132,0.0227,0.0312,0.6039,0.106,0.0504,0.0035,0.0312,0.0103,0.0272,0.0342,0.0761,0.1132,0.2294,0.0277,0.0104,0.0098,0.0086,0.0103,0.021,0.0045,0.0909,0.0378,0.0051,0.0625,0.0197,0.0889,0.0142,0.0092,0.0111,0.0185,0.0902,0.0853,0.6746,0.0227,0.0073,0.0159,0.0227,0.0034,0.0025,0.0125,0.0139,0.0159,0.0264,0.06,0.0047,0.0092,0.0245,0.0024,0.0075,0.0234
2010-07-01,0.0149,0.0431,0.509,0.5834,0.1028,0.0458,0.0013,0.0621,0.0108,0.0268,0.035,0.0597,0.1108,0.1297,0.0444,0.0068,0.0294,0.0295,0.1222,0.0062,0.0096,0.0617,0.0325,0.0065,0.0403,0.0586,0.0762,0.0148,0.0019,0.0161,0.0113,0.1121,0.5476,0.6459,0.0267,0.0112,0.0818,0.0657,0.0054,0.0014,0.0067,0.0163,0.0133,0.0333,0.0498,0.0089,0.0027,0.0408,0.0013,0.02,0.04
2010-08-01,0.0475,0.0682,0.5321,0.5047,0.0804,0.0495,0.0016,0.281,0.0275,0.0291,0.0563,0.0642,0.0865,0.1227,0.0022,0.0308,0.054,0.0185,0.0507,0.0041,0.0079,0.0486,0.0319,0.0036,0.0166,0.0847,0.0727,0.0176,0.0014,0.0283,0.0087,0.1083,0.7393,0.6166,0.0259,0.0079,0.107,0.021,0.0021,0.0021,0.0125,0.0181,0.0098,0.0147,0.045,0.0179,0.0084,0.0313,0.0011,0.0428,0.0089
2010-09-01,0.0336,0.0677,0.5969,0.4242,0.0572,0.047,0.0016,0.0351,0.0462,0.0364,0.06,0.0536,0.0595,0.1191,0.0026,0.0187,0.1004,0.0029,0.0341,0.0031,0.0073,0.0072,0.0208,0.0068,0.0501,0.0671,0.0787,0.0187,0.0005,0.0524,0.0066,0.0964,0.7446,0.5831,0.0095,0.0016,0.0979,0.0288,0.0071,0.0051,0.0201,0.0244,0.0062,0.0088,0.0297,0.0143,0.0073,0.0165,0.0013,0.0543,0.0029
2010-10-01,0.0299,0.0313,0.5266,0.0335,0.029,0.007,0.0006,0.0219,0.07,0.0058,0.0481,0.0337,0.0049,0.0267,0.0004,0.0022,0.028,0.0013,0.0183,0.0005,0.0027,0.0055,0.0186,0.0002,0.0357,0.0516,0.0695,0.0016,0.0,0.0451,0.0027,0.0406,0.0792,0.4101,0.0017,0.0004,0.019,0.0035,0.0017,0.0053,0.0091,0.0169,0.0012,0.001,0.0123,0.0037,0.0052,0.0002,0.0004,0.0317,0.0077
2010-11-01,0.0311,0.0457,0.4661,0.0267,0.0288,0.0061,0.002,0.0295,0.0607,0.0104,0.0948,0.0317,0.0047,0.0527,0.0009,0.0032,0.0341,0.0026,0.0167,0.0012,0.0039,0.0073,0.0167,0.0004,0.0318,0.074,0.0686,0.0044,0.0006,0.0503,0.0042,0.0339,0.0605,0.3662,0.0026,0.0012,0.0316,0.0087,0.0027,0.0031,0.0122,0.0251,0.0041,0.0028,0.0094,0.0042,0.0327,0.0018,0.0011,0.0494,0.0244
2010-12-01,0.0456,0.0543,0.4225,0.0166,0.0227,0.0025,0.0021,0.025,0.037,0.0054,0.1429,0.0607,0.0035,0.0504,0.0011,0.0026,0.0138,0.0031,0.0049,0.0007,0.0028,0.0059,0.0147,0.0015,0.0296,0.0554,0.0546,0.0076,0.0003,0.0446,0.0026,0.0242,0.0411,0.31,0.0016,0.0015,0.0532,0.0086,0.0025,0.004,0.0065,0.0457,0.0032,0.0011,0.0068,0.0028,0.0369,0.0018,0.0025,0.064,0.0237
2011-01-01,0.0388,0.059,0.4112,0.0167,0.0178,0.0014,0.0013,0.0116,0.0314,0.002,0.2186,0.0517,0.0043,0.0308,0.0007,0.0007,0.0116,0.0081,0.0043,0.0006,0.0036,0.0072,0.0111,0.0004,0.0211,0.0637,0.0409,0.0083,0.001,0.0492,0.0029,0.0209,0.0496,0.2673,0.0006,0.0012,0.1399,0.0013,0.0017,0.0035,0.0255,0.0477,0.0008,0.0008,0.0044,0.0011,0.014,0.0002,0.0006,0.0537,0.0125
2011-02-01,0.0792,0.0276,0.3828,0.0124,0.0173,0.0075,0.0009,0.0259,0.0287,0.0042,0.0012,0.0301,0.0034,0.0284,0.0012,0.0007,0.0282,0.0034,0.0043,0.0014,0.0017,0.0042,0.0106,0.0002,0.0162,0.0464,0.0297,0.0009,0.0005,0.0284,0.0018,0.0112,0.0184,0.2473,0.0029,0.0012,0.1796,0.0032,0.0029,0.0021,0.0016,0.0252,0.0003,0.0012,0.0022,0.002,0.0104,0.0016,0.001,0.0158,0.0055
2011-03-01,0.0663,0.0203,0.1303,0.0124,0.0153,0.001,0.0013,0.0297,0.0391,0.0013,0.0017,0.0357,0.0017,0.0183,0.0007,0.0009,0.0202,0.0026,0.0061,0.0014,0.003,0.0079,0.0094,0.0006,0.0071,0.0222,0.0145,0.0014,0.0003,0.009,0.0016,0.008,0.015,0.2242,0.002,0.001,0.0008,0.0042,0.0021,0.0005,0.0012,0.0186,0.0006,0.0,0.0012,0.0028,0.0064,0.003,0.0007,0.0179,0.0029
2011-04-01,0.0491,0.0237,0.085,0.0115,0.0115,0.0,0.0004,0.0274,0.0512,0.0004,0.0023,0.0519,0.0011,0.0024,0.0005,0.0015,0.0066,0.0038,0.0095,0.0011,0.0041,0.015,0.0093,0.001,0.006,0.0217,0.0151,0.0015,0.0008,0.0033,0.0019,0.0054,0.0148,0.1964,0.0017,0.0012,0.0004,0.0071,0.0027,0.0009,0.0006,0.0104,0.0004,0.0002,0.0007,0.0062,0.006,0.0001,0.0019,0.0112,0.0017
2011-05-01,0.0561,0.0239,0.3857,0.0171,0.0124,0.001,0.005,0.0564,0.154,0.0069,0.007,0.0527,0.0051,0.0062,0.0029,0.0023,0.0197,0.0065,0.0187,0.0031,0.0074,0.0199,0.0099,0.004,0.0116,0.0195,0.0154,0.0023,0.0007,0.0087,0.0118,0.0051,0.0184,0.1807,0.0051,0.0055,0.0027,0.0113,0.0035,0.0016,0.0026,0.0065,0.0012,0.001,0.0024,0.0111,0.0035,0.0017,0.0022,0.0268,0.0015
2011-06-01,0.0236,0.0208,0.305,0.0634,0.0102,0.0011,0.0052,0.0312,0.1605,0.006,0.0087,0.0418,0.004,0.0026,0.0024,0.0097,0.0441,0.0027,0.0313,0.004,0.0046,0.0064,0.0079,0.0435,0.0159,0.0188,0.0202,0.0016,0.0014,0.0055,0.0114,0.0033,0.0216,0.1621,0.0026,0.0037,0.0031,0.0057,0.0039,0.0021,0.0031,0.0045,0.0042,0.0004,0.0007,0.007,0.0064,0.0031,0.0021,0.0519,0.0012
2011-07-01,0.0324,0.0027,0.03,0.0285,0.0046,0.0001,0.0014,0.0282,0.1434,0.0009,0.0042,0.0244,0.0016,0.0007,0.0006,0.0023,0.004,0.0029,0.0027,0.0,0.0009,0.0008,0.0075,0.1605,0.0084,0.0154,0.019,0.0015,0.0,0.0057,0.0079,0.0016,0.045,0.1327,0.0008,0.0002,0.0027,0.0028,0.0088,0.0018,0.0014,0.0139,0.0004,0.0001,0.0,0.0019,0.0043,0.0002,0.0004,0.0169,0.0009
2011-08-01,0.0394,0.0026,0.0372,0.0013,0.005,0.0,0.0031,0.0579,0.1418,0.0011,0.0073,0.0326,0.0008,0.0015,0.0009,0.0093,0.0057,0.0006,0.0071,0.0018,0.0068,0.0025,0.008,0.0002,0.0106,0.0248,0.0049,0.0012,0.0001,0.0082,0.0059,0.0035,0.2471,0.1239,0.0026,0.0007,0.0115,0.0034,0.0068,0.0035,0.0035,0.0079,0.0015,0.0007,0.0008,0.0033,0.0014,0.0009,0.0029,0.011,0.0005
2011-09-01,0.015,0.0023,0.0397,0.0015,0.0021,0.0002,0.0018,0.0392,0.1022,0.0007,0.0077,0.0272,0.0008,0.0023,0.0011,0.0007,0.0165,0.0015,0.0058,0.0007,0.0022,0.0026,0.0079,0.0003,0.0075,0.0154,0.0039,0.0031,0.0001,0.0032,0.0009,0.0008,0.2176,0.1078,0.001,0.0011,0.0003,0.0034,0.0043,0.0018,0.0041,0.0037,0.0012,0.0011,0.001,0.0002,0.0021,0.0026,0.0017,0.0059,0.002
2011-10-01,0.032,0.008,0.0336,0.0023,0.0029,0.0069,0.003,0.1166,0.1096,0.0014,0.0146,0.0309,0.0038,0.003,0.002,0.0025,0.0095,0.003,0.0101,0.0014,0.0019,0.0039,0.0084,0.0097,0.0143,0.0149,0.0058,0.0027,0.0005,0.0028,0.0013,0.0014,0.2421,0.0978,0.0028,0.0015,0.0082,0.0054,0.0032,0.0014,0.0046,0.0035,0.0006,0.0048,0.0015,0.009,0.004,0.0048,0.0059,0.0079,0.0042
2011-11-01,0.0542,0.0047,0.062,0.0019,0.0015,0.0008,0.0019,0.096,0.0761,0.0017,0.0096,0.0464,0.0026,0.0029,0.0014,0.0028,0.0085,0.0016,0.0089,0.001,0.0035,0.0035,0.008,0.0028,0.0074,0.0157,0.0037,0.0009,0.0,0.0032,0.0009,0.0012,0.1386,0.0888,0.0017,0.0005,0.005,0.0025,0.0021,0.0007,0.0037,0.0059,0.0011,0.0013,0.0009,0.0059,0.0039,0.0014,0.0039,0.0109,0.0032
2011-12-01,0.064,0.0029,0.0751,0.0015,0.0009,0.0005,0.001,0.05,0.0496,0.0009,0.01,0.0789,0.0018,0.0089,0.0012,0.0004,0.0089,0.0024,0.0055,0.0003,0.0014,0.0064,0.0093,0.0011,0.0033,0.0106,0.0034,0.0003,0.0001,0.0017,0.0024,0.0005,0.0857,0.0753,0.001,0.0007,0.0015,0.0014,0.0029,0.0014,0.0007,0.0034,0.0012,0.0003,0.0,0.0064,0.0024,0.0023,0.0013,0.0135,0.0049
2012-01-01,0.0287,0.0004,0.0816,0.0007,0.0002,0.0006,0.0007,0.0485,0.0375,0.0004,0.003,0.1757,0.0012,0.0555,0.0004,0.0006,0.0017,0.0008,0.0027,0.0001,0.0004,0.0029,0.0086,0.002,0.0026,0.0029,0.0045,0.0001,0.0001,0.0023,0.0005,0.0005,0.0789,0.0611,0.0009,0.0005,0.0001,0.0017,0.0022,0.0005,0.0003,0.0061,0.0003,0.0,0.0,0.0016,0.0029,0.0024,0.0051,0.0176,0.0079
2012-02-01,0.019,0.0008,0.0901,0.0014,0.0007,0.0003,0.0009,0.0522,0.0259,0.0006,0.0022,0.0103,0.0007,0.0174,0.0005,0.0008,0.0036,0.0007,0.0054,0.0012,0.0008,0.0006,0.0087,0.0016,0.0053,0.0033,0.0101,0.0011,0.0001,0.0024,0.0034,0.0013,0.008,0.0539,0.0006,0.0003,0.0002,0.0024,0.0016,0.0008,0.0013,0.0072,0.0002,0.0,0.0003,0.0037,0.0023,0.0009,0.0004,0.0209,0.0116
2012-03-01,0.0346,0.0008,0.0989,0.0009,0.0006,0.0,0.0026,0.0462,0.0191,0.0004,0.0006,0.0139,0.0002,0.0096,0.0007,0.002,0.0044,0.0008,0.0029,0.0008,0.0017,0.0009,0.0088,0.0005,0.0076,0.0067,0.0072,0.0003,0.0,0.0015,0.0012,0.0026,0.0055,0.0444,0.0013,0.0008,0.0006,0.0027,0.0029,0.0026,0.001,0.0031,0.0006,0.0001,0.0001,0.0101,0.004,0.0001,0.0,0.0366,0.0165
2012-04-01,0.069,0.0038,0.1508,0.0039,0.001,0.0005,0.0081,0.0639,0.0274,0.0,0.0019,0.0095,0.0026,0.0032,0.0026,0.0054,0.0147,0.0059,0.0014,0.0072,0.0078,0.0024,0.01,0.0013,0.0209,0.0155,0.0034,0.0016,0.0002,0.0045,0.0019,0.0255,0.025,0.0371,0.0023,0.0051,0.0007,0.0034,0.0188,0.0047,0.0034,0.0044,0.0032,0.0003,0.0,0.0319,0.0141,0.0005,0.0003,0.0892,0.0248
2012-05-01,0.053,0.0087,0.1972,0.0039,0.0004,0.0002,0.0033,0.0349,0.0242,0.0017,0.0026,0.0118,0.0031,0.0009,0.0038,0.0047,0.012,0.0033,0.0164,0.0028,0.0073,0.0038,0.0131,0.0092,0.0119,0.0146,0.0045,0.0026,0.0005,0.0047,0.0022,0.0044,0.0085,0.0315,0.0016,0.0022,0.0025,0.0036,0.0167,0.0036,0.0039,0.0302,0.0017,0.0,0.0003,0.0344,0.0065,0.0002,0.003,0.1395,0.103
2012-06-01,0.0487,0.0073,0.2484,0.0042,0.0003,0.0003,0.0022,0.07,0.0252,0.0004,0.0049,0.0143,0.0043,0.0008,0.0026,0.0051,0.0138,0.0056,0.0408,0.0006,0.0037,0.007,0.0111,0.006,0.007,0.0121,0.0071,0.011,0.0004,0.006,0.0008,0.0014,0.0038,0.0282,0.0037,0.0031,0.006,0.0033,0.0176,0.0045,0.0017,0.0277,0.002,0.0003,0.0036,0.0294,0.0095,0.0004,0.0047,0.144,0.1263
2012-07-01,0.0699,0.0066,0.2928,0.018,0.001,0.0005,0.002,0.0591,0.0175,0.0011,0.0102,0.0132,0.0028,0.002,0.002,0.0086,0.0325,0.0116,0.0653,0.0018,0.0031,0.0103,0.0095,0.0171,0.0047,0.0095,0.0065,0.0028,0.0081,0.008,0.0017,0.0021,0.0354,0.0294,0.0059,0.0073,0.0138,0.0012,0.0168,0.0053,0.0028,0.0408,0.0045,0.0003,0.0078,0.0314,0.0074,0.0011,0.0082,0.0943,0.0978
2012-08-01,0.0659,0.0015,0.2409,0.0007,0.0009,0.0005,0.002,0.0274,0.0127,0.0004,0.0036,0.0114,0.0033,0.0008,0.0011,0.0024,0.0147,0.01,0.0367,0.0007,0.0025,0.0079,0.0105,0.0003,0.0037,0.01,0.0053,0.0008,0.0022,0.0104,0.0006,0.0012,0.0306,0.0225,0.0023,0.0034,0.0052,0.0014,0.01,0.0013,0.0007,0.0275,0.0019,0.0,0.0011,0.0016,0.0073,0.0009,0.0027,0.0678,0.0462
2012-09-01,0.0341,0.0009,0.2367,0.0007,0.0006,0.0,0.0008,0.0137,0.0127,0.0005,0.0024,0.0471,0.003,0.0002,0.0002,0.0012,0.0123,0.0044,0.014,0.0008,0.0007,0.0059,0.0104,0.0001,0.0026,0.0133,0.0034,0.0006,0.0017,0.0079,0.0013,0.001,0.0015,0.0199,0.0017,0.0009,0.0019,0.0016,0.0056,0.0009,0.0008,0.0176,0.0007,0.0002,0.0006,0.0003,0.01,0.0005,0.0006,0.026,0.0264
2012-10-01,0.0114,0.0011,0.2096,0.0013,0.0006,0.0,0.0006,0.0144,0.01,0.0005,0.0004,0.0333,0.0046,0.0007,0.0015,0.0039,0.0046,0.0032,0.0047,0.0011,0.0019,0.0052,0.0097,0.0009,0.0032,0.0129,0.0106,0.0001,0.0049,0.0059,0.0065,0.0034,0.0,0.0166,0.0032,0.0007,0.0005,0.0012,0.007,0.0037,0.0008,0.0196,0.0005,0.0003,0.0005,0.0005,0.0166,0.0001,0.0012,0.0517,0.0174
2012-11-01,0.1703,0.0016,0.1913,0.0008,0.0008,0.0005,0.0015,0.037,0.0086,0.0006,0.0008,0.0316,0.0037,0.0007,0.0006,0.0068,0.0064,0.0043,0.0037,0.0003,0.0034,0.0045,0.0079,0.0008,0.0017,0.0093,0.0092,0.0002,0.0104,0.0059,0.0039,0.0127,0.016,0.0175,0.0092,0.002,0.0039,0.0035,0.0063,0.0028,0.0004,0.0177,0.0009,0.0004,0.0001,0.0059,0.0074,0.0006,0.0009,0.0773,0.0112
2012-12-01,0.1807,0.0026,0.1617,0.0009,0.0005,0.0007,0.0019,0.0447,0.0101,0.0008,0.0019,0.1246,0.0037,0.0032,0.0008,0.0052,0.0058,0.0035,0.0049,0.0007,0.0015,0.0045,0.0066,0.0012,0.0029,0.0086,0.0043,0.0002,0.0008,0.0059,0.0048,0.0004,0.0261,0.019,0.0014,0.0018,0.0087,0.0023,0.0058,0.001,0.0013,0.022,0.0012,0.0006,0.002,0.0094,0.0042,0.0009,0.011,0.0439,0.0079
2013-01-01,0.2001,0.0013,0.1847,0.0017,0.0009,0.0009,0.0027,0.0517,0.0123,0.0003,0.0004,0.165,0.0048,0.0025,0.0005,0.0047,0.0064,0.0026,0.0029,0.0,0.001,0.0025,0.0063,0.0003,0.0032,0.0071,0.0027,0.0008,0.001,0.0098,0.0019,0.0001,0.0097,0.0134,0.0012,0.0017,0.0406,0.0013,0.0053,0.0009,0.0018,0.027,0.0017,0.0019,0.0002,0.0126,0.0051,0.0003,0.0185,0.0335,0.0107
2013-02-01,0.0593,0.0007,0.1857,0.001,0.0005,0.0,0.0019,0.0406,0.007,0.0,0.0006,0.0151,0.003,0.0003,0.0014,0.0027,0.0051,0.003,0.0013,0.0,0.0015,0.0022,0.0077,0.0015,0.0031,0.0037,0.0039,0.0004,0.0005,0.0083,0.0024,0.001,0.0096,0.0129,0.0009,0.001,0.0077,0.0008,0.0047,0.0024,0.0018,0.034,0.0007,0.0,0.0006,0.0197,0.0054,0.0003,0.0005,0.0407,0.014
2013-03-01,0.0772,0.0011,0.2265,0.0011,0.001,0.0002,0.0006,0.0343,0.0067,0.0002,0.0037,0.0194,0.0083,0.0003,0.0053,0.0077,0.0075,0.0032,0.0049,0.0,0.0035,0.0021,0.0105,0.0146,0.0059,0.0079,0.0058,0.001,0.0047,0.0109,0.0044,0.002,0.0128,0.01,0.0008,0.0018,0.0028,0.0012,0.008,0.0013,0.0019,0.06,0.0016,0.0002,0.0005,0.0541,0.0042,0.0012,0.0073,0.0502,0.0084
2013-04-01,0.0924,0.0013,0.2488,0.0007,0.0007,0.0001,0.0008,0.0204,0.0101,0.0008,0.0029,0.024,0.0108,0.0019,0.0081,0.0129,0.0052,0.006,0.0057,0.0005,0.007,0.0017,0.0127,0.0952,0.0059,0.0124,0.0077,0.0023,0.0269,0.0077,0.0026,0.0099,0.0056,0.0083,0.0009,0.0008,0.0032,0.0004,0.0143,0.0024,0.0008,0.1002,0.0011,0.0003,0.0001,0.0922,0.0075,0.0003,0.037,0.0677,0.0054
2013-05-01,0.1276,0.0011,0.2656,0.0009,0.0008,0.0001,0.0016,0.052,0.0102,0.0005,0.0032,0.015,0.0002,0.0009,0.002,0.0168,0.0116,0.0043,0.0101,0.0006,0.0055,0.0012,0.0092,0.0037,0.0047,0.0123,0.0158,0.0032,0.0004,0.0027,0.002,0.0033,0.0206,0.0097,0.0019,0.0005,0.0011,0.0009,0.0095,0.0011,0.0004,0.0131,0.001,0.0004,0.0014,0.0875,0.0252,0.0005,0.0003,0.0621,0.0053
2013-06-01,0.0681,0.0022,0.2477,0.0024,0.0012,0.0001,0.0007,0.0693,0.01,0.0,0.0018,0.0198,0.0008,0.0055,0.0006,0.0043,0.0065,0.0033,0.0052,0.0005,0.0037,0.0038,0.0104,0.0068,0.0032,0.0075,0.0234,0.0047,0.0006,0.0037,0.0049,0.0008,0.1087,0.0078,0.0013,0.001,0.0019,0.001,0.0085,0.0003,0.0003,0.0165,0.0014,0.0,0.0015,0.0603,0.0208,0.0008,0.0011,0.0806,0.0069
2013-07-01,0.0756,0.0029,0.1685,0.0012,0.0008,0.0001,0.0011,0.0449,0.0077,0.0003,0.0012,0.0214,0.0001,0.0057,0.0012,0.0046,0.0042,0.0019,0.0098,0.0027,0.0057,0.0037,0.0108,0.034,0.0072,0.0094,0.0233,0.0012,0.0009,0.003,0.0036,0.0006,0.0389,0.0093,0.0009,0.0023,0.0025,0.0007,0.005,0.0013,0.0006,0.0138,0.0031,0.0001,0.0004,0.0462,0.0246,0.0009,0.0015,0.0776,0.0177
2013-08-01,0.051,0.0025,0.1437,0.0009,0.0002,0.0,0.0061,0.0323,0.0045,0.0003,0.0015,0.0309,0.0026,0.0022,0.0006,0.0006,0.003,0.001,0.0058,0.0001,0.0069,0.0031,0.0091,0.0006,0.0052,0.006,0.0074,0.0005,0.0009,0.0027,0.0011,0.0005,0.0121,0.0086,0.0009,0.0015,0.0031,0.0002,0.0043,0.0011,0.0007,0.0108,0.0008,0.0,0.0022,0.032,0.0066,0.0,0.001,0.0757,0.0241
2013-09-01,0.0537,0.0035,0.0994,0.0006,0.0005,0.0,0.0063,0.0319,0.0089,0.0002,0.0006,0.0216,0.0064,0.0023,0.0012,0.002,0.0024,0.0011,0.0033,0.0006,0.0051,0.001,0.0101,0.0,0.0026,0.0038,0.0068,0.0001,0.001,0.0023,0.0035,0.0013,0.0077,0.0083,0.0005,0.0009,0.0043,0.0001,0.0052,0.0007,0.0003,0.0069,0.0004,0.0,0.002,0.0302,0.006,0.0002,0.0002,0.0866,0.0319
2013-10-01,0.0833,0.0021,0.0894,0.0011,0.0002,0.0004,0.0061,0.0978,0.0084,0.0001,0.0006,0.0204,0.0155,0.0,0.0007,0.0011,0.005,0.0023,0.0048,0.0004,0.0054,0.005,0.0097,0.0011,0.0037,0.0065,0.0093,0.0007,0.0021,0.0038,0.0003,0.0023,0.0068,0.0062,0.0012,0.001,0.0113,0.0016,0.0058,0.0012,0.0008,0.0051,0.0,0.0003,0.0002,0.0359,0.0024,0.0001,0.0009,0.0721,0.018
2013-11-01,0.0629,0.0013,0.0933,0.0005,0.0002,0.0002,0.004,0.0812,0.0116,0.0002,0.0007,0.029,0.0076,0.0028,0.0013,0.0017,0.0049,0.0027,0.0082,0.0006,0.0031,0.0155,0.0101,0.0016,0.0069,0.0061,0.0115,0.002,0.0016,0.0043,0.0008,0.0031,0.0065,0.0056,0.0011,0.0014,0.013,0.0004,0.0057,0.0018,0.0013,0.0053,0.0006,0.0001,0.0008,0.029,0.0013,0.0007,0.0003,0.0666,0.0148
2013-12-01,0.0629,0.0016,0.1023,0.002,0.0007,0.0001,0.0057,0.1348,0.0203,0.0003,0.0009,0.0254,0.0082,0.0012,0.0003,0.0244,0.006,0.0035,0.0243,0.0003,0.006,0.0098,0.0113,0.0014,0.0109,0.0086,0.0152,0.0045,0.0139,0.0063,0.001,0.0049,0.0031,0.0061,0.002,0.0027,0.0254,0.0006,0.007,0.0047,0.0004,0.009,0.0007,0.0006,0.0009,0.0375,0.0034,0.0002,0.0006,0.084,0.0051
2014-01-01,0.0687,0.0062,0.0255,0.0035,0.0007,0.0,0.0017,0.2419,0.0105,0.0002,0.0012,0.0374,0.0084,0.0005,0.0007,0.0697,0.0071,0.0051,0.0055,0.0003,0.0026,0.0097,0.0111,0.0046,0.0123,0.0101,0.0152,0.0162,0.002,0.0055,0.003,0.0043,0.0026,0.0048,0.0038,0.0041,0.0061,0.0004,0.005,0.0014,0.0019,0.0054,0.0026,0.0003,0.0022,0.0331,0.0045,0.0,0.0006,0.0879,0.0028
2014-02-01,0.0729,0.0058,0.0163,0.0033,0.0003,0.0003,0.0034,0.1124,0.0115,0.0003,0.006,0.0367,0.0033,0.0002,0.0016,0.0059,0.0043,0.0044,0.0054,0.0002,0.0021,0.0049,0.0099,0.0033,0.0023,0.0247,0.0147,0.0288,0.0003,0.0057,0.0035,0.0031,0.0135,0.0042,0.0012,0.0014,0.0041,0.0049,0.0056,0.0004,0.0045,0.0137,0.0019,0.0001,0.0009,0.0305,0.0056,0.0029,0.0012,0.0709,0.0038
2014-03-01,0.0566,0.001,0.01,0.003,0.0006,0.0,0.0008,0.0644,0.0112,0.0,0.0003,0.031,0.0018,0.0009,0.0006,0.0013,0.0025,0.0015,0.0033,0.0002,0.0015,0.0038,0.0107,0.0032,0.003,0.0122,0.0228,0.0002,0.0005,0.0137,0.0037,0.0016,0.0109,0.0046,0.0014,0.0007,0.0025,0.0007,0.0014,0.0009,0.0001,0.0174,0.0004,0.0,0.001,0.0079,0.0045,0.0013,0.0008,0.0406,0.0027
2014-04-01,0.0462,0.0003,0.0062,0.0013,0.0005,0.0001,0.0005,0.0391,0.009,0.0002,0.0003,0.029,0.0008,0.001,0.0004,0.0014,0.0031,0.0008,0.0036,0.0001,0.0009,0.0046,0.0109,0.0014,0.0006,0.009,0.0129,0.0002,0.0003,0.0152,0.0032,0.0002,0.0016,0.0048,0.0007,0.0005,0.0019,0.0005,0.0014,0.0006,0.0003,0.0075,0.0003,0.0,0.0001,0.0013,0.0091,0.0033,0.0006,0.0265,0.0016
2014-05-01,0.0803,0.0012,0.0069,0.005,0.0008,0.0001,0.0011,0.0511,0.0072,0.0001,0.0005,0.0228,0.0012,0.0049,0.0007,0.0018,0.0059,0.0013,0.0029,0.0004,0.0004,0.0008,0.0075,0.0,0.0024,0.008,0.0127,0.0001,0.0001,0.0119,0.0071,0.0004,0.001,0.0049,0.0008,0.0007,0.0023,0.0007,0.0015,0.0009,0.001,0.008,0.0015,0.0,0.0005,0.002,0.004,0.0031,0.0002,0.0407,0.0013
2014-06-01,0.1203,0.0007,0.0117,0.0011,0.0005,0.0,0.0015,0.0166,0.0119,0.0001,0.0007,0.0274,0.0041,0.0024,0.0017,0.0032,0.0087,0.0014,0.0048,0.0007,0.0015,0.0031,0.0085,0.0003,0.0039,0.0075,0.0106,0.0009,0.0005,0.0164,0.0022,0.0014,0.0291,0.0057,0.0008,0.001,0.0017,0.0001,0.0031,0.0018,0.002,0.0089,0.0018,0.0002,0.0005,0.0055,0.0044,0.0003,0.0003,0.0484,0.004
2014-07-01,0.0715,0.001,0.0113,0.0022,0.0012,0.0001,0.001,0.0278,0.0147,0.0002,0.0005,0.0252,0.0043,0.0027,0.0006,0.0075,0.0102,0.0011,0.002,0.0005,0.0045,0.0071,0.011,0.0008,0.0036,0.0083,0.0089,0.0008,0.0006,0.0113,0.0234,0.0009,0.0011,0.0045,0.0008,0.0026,0.0014,0.0016,0.0033,0.0015,0.0033,0.0057,0.0005,0.0002,0.0006,0.0097,0.008,0.0,0.0007,0.0158,0.0229
2014-08-01,0.0921,0.0007,0.0069,0.0019,0.0005,0.0002,0.0011,0.0246,0.01,0.0001,0.0003,0.0192,0.0028,0.0022,0.0011,0.0035,0.009,0.0014,0.0027,0.0015,0.0009,0.0025,0.0114,0.0013,0.002,0.0073,0.0144,0.0004,0.0094,0.007,0.1497,0.0018,0.0017,0.0032,0.0006,0.0003,0.0023,0.0008,0.0026,0.0009,0.0006,0.0078,0.0001,0.0001,0.0,0.0063,0.0051,0.0001,0.0,0.0118,0.0564
2014-09-01,0.0854,0.0005,0.0026,0.0005,0.0007,0.0001,0.0013,0.0173,0.0081,0.0003,0.0009,0.0243,0.0021,0.0029,0.0014,0.0027,0.011,0.0038,0.0033,0.0,0.0011,0.0016,0.0124,0.0026,0.0041,0.0057,0.0227,0.0002,0.0191,0.0051,0.0003,0.0013,0.0032,0.0037,0.0019,0.0005,0.0035,0.0,0.0023,0.0007,0.0002,0.0113,0.0005,0.0001,0.0001,0.0048,0.0098,0.0003,0.0004,0.0092,0.0561
2014-10-01,0.05,0.0009,0.004,0.0005,0.0002,0.0002,0.0013,0.0279,0.0056,0.0003,0.001,0.0244,0.0109,0.0007,0.0008,0.0007,0.0101,0.0035,0.0078,0.0,0.002,0.001,0.0099,0.0017,0.0013,0.0048,0.0446,0.0001,0.0345,0.0057,0.0015,0.0016,0.0009,0.0046,0.0013,0.0008,0.0035,0.0002,0.0031,0.0013,0.0003,0.0159,0.0007,0.0,0.0004,0.005,0.0089,0.0016,0.0004,0.02,0.0691
2014-11-01,0.0569,0.0006,0.0024,0.0002,0.0005,0.0001,0.0006,0.0306,0.0038,0.0,0.0001,0.0231,0.0043,0.001,0.0003,0.0008,0.008,0.0028,0.0068,0.0001,0.0023,0.0057,0.0097,0.0014,0.0013,0.0041,0.0261,0.0002,0.1158,0.0044,0.0027,0.0007,0.0039,0.0047,0.0013,0.0011,0.0052,0.0003,0.0045,0.001,0.0002,0.0226,0.0,0.0,0.0,0.0026,0.0045,0.0,0.0003,0.0528,0.1423
2014-12-01,0.0571,0.0006,0.0036,0.0003,0.001,0.0001,0.0011,0.033,0.0101,0.0,0.0002,0.0573,0.0017,0.0012,0.0008,0.0012,0.0112,0.0022,0.0161,0.0014,0.0017,0.003,0.0105,0.0011,0.0009,0.0074,0.007,0.0004,0.3781,0.0026,0.0017,0.0019,0.0063,0.0036,0.0008,0.0014,0.0183,0.0003,0.0058,0.0024,0.0004,0.0126,0.0007,0.0004,0.0002,0.0019,0.006,0.0,0.004,0.0732,0.1603
2015-01-01,0.0635,0.0032,0.0248,0.0016,0.0009,0.0003,0.0011,0.02,0.0165,0.0001,0.0039,0.0222,0.0031,0.0007,0.0028,0.0022,0.0161,0.0047,0.0559,0.0037,0.0029,0.0067,0.015,0.0035,0.0005,0.0146,0.0015,0.0005,0.8279,0.0036,0.0023,0.0039,0.0154,0.0046,0.0022,0.0045,0.1264,0.001,0.0157,0.0045,0.0027,0.0133,0.0048,0.0034,0.0,0.0005,0.0032,0.0012,0.0022,0.105,0.2662
2015-02-01,0.106,0.0025,0.035,0.001,0.0008,0.0004,0.0023,0.0306,0.0182,0.0001,0.0016,0.0232,0.0051,0.0012,0.0013,0.0033,0.0115,0.0125,0.0862,0.0062,0.002,0.0085,0.0146,0.0007,0.0011,0.0126,0.003,0.0008,0.9623,0.0031,0.0038,0.0018,0.0191,0.0058,0.0023,0.0021,0.417,0.0005,0.0115,0.0123,0.0008,0.0115,0.0065,0.0083,0.0001,0.003,0.0071,0.0003,0.0009,0.1309,0.5044
2015-03-01,0.122,0.0041,0.0907,0.0017,0.0002,0.0006,0.0018,0.0472,0.0159,0.0001,0.0014,0.0207,0.0084,0.0,0.001,0.0027,0.0212,0.0159,0.1044,0.0006,0.0034,0.0032,0.0133,0.0006,0.0034,0.013,0.0063,0.0024,0.9904,0.0053,0.0007,0.0012,0.0282,0.006,0.0018,0.0019,0.6798,0.0008,0.011,0.0031,0.0013,0.0142,0.0038,0.0117,0.0,0.007,0.0079,0.0001,0.0006,0.1612,0.7262
2015-04-01,0.1875,0.0007,0.0091,0.0022,0.0005,0.0005,0.0007,0.0501,0.0161,0.0003,0.0031,0.0202,0.0177,0.0016,0.0,0.0016,0.027,0.0053,0.0622,0.0004,0.0003,0.0017,0.0095,0.0004,0.0004,0.0028,0.0128,0.0003,0.9992,0.0048,0.0012,0.001,0.0505,0.0061,0.0011,0.0007,0.6919,0.0001,0.003,0.0004,0.0011,0.0178,0.0,0.0069,0.0014,0.0,0.0086,0.0013,0.0007,0.1267,0.8328
2015-05-01,0.1794,0.0004,0.0008,0.001,0.0004,0.0001,0.0007,0.0188,0.0041,0.0001,0.0001,0.0191,0.0116,0.0002,0.0,0.0006,0.0082,0.0009,0.032,0.0,0.0001,0.0003,0.0088,0.0003,0.0003,0.0023,0.0174,0.0,0.9984,0.0053,0.0001,0.0004,0.0121,0.0053,0.0005,0.0004,0.6775,0.0002,0.0013,0.0005,0.0001,0.0165,0.0,0.0015,0.0,0.0003,0.007,0.0002,0.0008,0.1171,0.9088
2015-06-01,0.2162,0.0012,0.0022,0.0018,0.0003,0.0003,0.0016,0.0195,0.0063,0.0,0.0002,0.0173,0.012,0.001,0.0006,0.0016,0.0088,0.0021,0.0282,0.0007,0.0013,0.0017,0.01,0.0018,0.0023,0.0081,0.018,0.0006,0.9996,0.003,0.0014,0.0005,0.0092,0.0053,0.0012,0.0014,0.6838,0.0007,0.0034,0.0034,0.0003,0.0194,0.0006,0.0008,0.0001,0.0003,0.0199,0.0001,0.0022,0.1649,0.9335
2015-07-01,0.2145,0.0013,0.0015,0.001,0.0,0.0004,0.0053,0.0088,0.0082,0.0001,0.0013,0.0172,0.0149,0.0004,0.0015,0.0054,0.0149,0.0042,0.019,0.0007,0.0016,0.0026,0.0099,0.0015,0.0019,0.0051,0.0103,0.0006,0.9989,0.0031,0.0015,0.0003,0.0092,0.0055,0.001,0.0005,0.6957,0.0029,0.0051,0.0019,0.0006,0.0199,0.0004,0.0013,0.0002,0.0,0.03,0.001,0.0008,0.1549,0.9175
2015-08-01,0.2661,0.0003,0.0017,0.0004,0.0004,0.0007,0.004,0.0207,0.0133,0.0003,0.001,0.0167,0.0163,0.0011,0.0031,0.0021,0.017,0.0013,0.0299,0.0016,0.002,0.0033,0.0107,0.0019,0.004,0.004,0.0068,0.001,0.9988,0.0035,0.0037,0.0004,0.0113,0.005,0.0029,0.0013,0.7551,0.0004,0.0036,0.0021,0.0006,0.0238,0.0006,0.0021,0.0,0.0001,0.0163,0.0006,0.0008,0.1264,0.9026
2015-09-01,0.2417,0.0009,0.0022,0.0021,0.0008,0.0001,0.0011,0.0225,0.0119,0.0002,0.0007,0.0366,0.0092,0.0002,0.0016,0.0023,0.0159,0.0017,0.0536,0.0024,0.0018,0.0038,0.0094,0.003,0.0028,0.0033,0.0037,0.0001,0.999,0.0057,0.0009,0.0008,0.0139,0.0053,0.0028,0.0026,0.7854,0.0009,0.0042,0.0005,0.0004,0.0198,0.0002,0.0045,0.0001,0.0002,0.0089,0.0002,0.0004,0.1058,0.9115
2015-10-01,0.2762,0.0004,0.0049,0.0003,0.0002,0.0002,0.0009,0.0139,0.0138,0.0001,0.0006,0.0233,0.0043,0.0006,0.0011,0.0018,0.0169,0.0007,0.0692,0.0003,0.0006,0.0027,0.0082,0.0002,0.0012,0.0022,0.0032,0.0,0.9988,0.0051,0.0003,0.0004,0.0105,0.0048,0.0015,0.0014,0.7983,0.0002,0.0035,0.0009,0.0003,0.016,0.0001,0.0054,0.0,0.0015,0.0065,0.001,0.0004,0.0935,0.9662
2015-11-01,0.2919,0.0006,0.0042,0.0002,0.0009,0.0,0.0029,0.0237,0.0173,0.0,0.0014,0.0302,0.0047,0.0005,0.002,0.0016,0.0169,0.0006,0.0985,0.0002,0.0023,0.0027,0.0082,0.0008,0.0017,0.0038,0.0067,0.0003,0.9982,0.0103,0.0005,0.0008,0.0114,0.0062,0.0023,0.0014,0.8298,0.0008,0.0027,0.0007,0.0013,0.0147,0.0003,0.0058,0.0002,0.0056,0.0109,0.0002,0.0009,0.0925,0.9871
2015-12-01,0.2873,0.0009,0.0067,0.0023,0.001,0.0006,0.005,0.0223,0.0416,0.0001,0.0006,0.0265,0.0043,0.0003,0.0024,0.003,0.0183,0.0043,0.137,0.0006,0.0036,0.0016,0.0078,0.0032,0.0015,0.0047,0.0086,0.0004,0.9989,0.0146,0.0018,0.0019,0.0316,0.0079,0.0021,0.0016,0.8678,0.0005,0.0037,0.0012,0.0008,0.0206,0.0008,0.005,0.0004,0.0179,0.0164,0.0,0.0002,0.1189,0.995
2016-01-01,0.3065,0.0016,0.023,0.0017,0.0017,0.0004,0.0045,0.0485,0.0552,0.0003,0.0033,0.0556,0.0056,0.0014,0.0031,0.0032,0.0189,0.0064,0.1926,0.0004,0.0096,0.0012,0.0079,0.0041,0.0026,0.0055,0.0144,0.0021,0.9991,0.0341,0.0003,0.0022,0.0088,0.0101,0.0024,0.0018,0.8861,0.0009,0.0062,0.0041,0.0063,0.0311,0.0013,0.0058,0.0002,0.0667,0.0131,0.0,0.0004,0.2084,0.9982
2016-02-01,0.3395,0.0022,0.0107,0.0006,0.0019,0.0004,0.0018,0.0268,0.0434,0.0002,0.0022,0.0296,0.0083,0.0001,0.0031,0.0029,0.0194,0.0058,0.1773,0.0005,0.0088,0.0012,0.0093,0.0007,0.0039,0.0086,0.012,0.0005,0.9843,0.0205,0.0005,0.0009,0.0105,0.0079,0.0018,0.0013,0.9023,0.0003,0.0039,0.0023,0.0012,0.0255,0.001,0.0118,0.0,0.0144,0.0105,0.0,0.0005,0.1496,0.998
2016-03-01,0.3045,0.0019,0.0115,0.0008,0.0041,0.001,0.0014,0.0358,0.033,0.0002,0.0045,0.0283,0.0133,0.0004,0.0033,0.0045,0.0225,0.0051,0.1205,0.0,0.0015,0.0011,0.0085,0.0008,0.0027,0.0185,0.0135,0.0003,0.9458,0.0067,0.0021,0.0004,0.041,0.0075,0.001,0.0013,0.9307,0.0005,0.0027,0.0025,0.0006,0.0178,0.0004,0.0169,0.0001,0.0039,0.0103,0.0002,0.0016,0.0517,0.9974
2016-04-01,0.3243,0.001,0.0108,0.001,0.0004,0.0014,0.0061,0.0393,0.037,0.0001,0.0001,0.0229,0.0539,0.0022,0.002,0.006,0.0224,0.0038,0.0839,0.001,0.0012,0.0016,0.0088,0.001,0.0016,0.0272,0.0176,0.0002,0.8066,0.0099,0.0009,0.001,0.0257,0.0061,0.0024,0.0015,0.9295,0.0008,0.0041,0.0055,0.0007,0.0156,0.0012,0.0112,0.0001,0.0033,0.0081,0.0001,0.0004,0.0428,0.9972
2016-05-01,0.4503,0.0027,0.0078,0.0018,0.0046,0.0076,0.0042,0.0374,0.0422,0.0003,0.0005,0.0216,0.1139,0.0014,0.0072,0.0069,0.0394,0.0054,0.0828,0.0027,0.0056,0.0031,0.0144,0.0345,0.0048,0.0332,0.0195,0.0016,0.7621,0.0189,0.0034,0.0015,0.0306,0.0064,0.007,0.0053,0.9154,0.0014,0.007,0.0041,0.001,0.0196,0.0024,0.0117,0.0005,0.0059,0.0038,0.0001,0.015,0.0139,0.996
2016-06-01,0.4932,0.0027,0.0054,0.0062,0.0048,0.0005,0.0063,0.0517,0.0299,0.0005,0.0012,0.0231,0.0981,0.0006,0.004,0.0047,0.0449,0.0086,0.084,0.0046,0.0045,0.0045,0.0116,0.0423,0.0037,0.0333,0.0178,0.001,0.6442,0.0183,0.0038,0.0006,0.037,0.0057,0.0024,0.0066,0.8365,0.0013,0.006,0.003,0.0015,0.0191,0.0011,0.0147,0.0001,0.0027,0.0064,0.0005,0.0087,0.0376,0.9875
2016-07-01,0.3566,0.0008,0.0044,0.0004,0.0012,0.0003,0.0025,0.0422,0.0171,0.0,0.0008,0.0158,0.026,0.0001,0.0014,0.0008,0.0282,0.0018,0.0665,0.0,0.0011,0.0014,0.0105,0.0002,0.002,0.0083,0.0127,0.0007,0.4997,0.0131,0.0003,0.0001,0.0149,0.0036,0.0009,0.0016,0.4851,0.0008,0.0017,0.0016,0.0002,0.0161,0.0001,0.0014,0.0001,0.0022,0.0038,0.0,0.0003,0.0337,0.9701
2016-08-01,0.3749,0.0011,0.0079,0.0024,0.0026,0.0008,0.0033,0.0437,0.0234,0.0003,0.0006,0.018,0.0264,0.001,0.0015,0.0026,0.0327,0.0054,0.167,0.0012,0.0003,0.0012,0.013,0.0001,0.0023,0.0135,0.0091,0.0011,0.5351,0.0194,0.001,0.0006,0.0183,0.0065,0.0027,0.0026,0.4395,0.0008,0.0036,0.0022,0.0012,0.0451,0.0003,0.0018,0.0029,0.0014,0.0109,0.0002,0.0007,0.0318,0.9501
2016-09-01,0.3964,0.0017,0.0079,0.0009,0.0021,0.0007,0.0028,0.0362,0.0327,0.0,0.0,0.0387,0.0248,0.0011,0.0009,0.0019,0.0241,0.0082,0.0375,0.0017,0.0004,0.0038,0.013,0.0016,0.0029,0.0116,0.0079,0.0001,0.5613,0.0206,0.0004,0.0006,0.0194,0.0071,0.0026,0.0008,0.4233,0.0005,0.0017,0.002,0.0017,0.0445,0.0007,0.0015,0.0015,0.0012,0.0085,0.0001,0.0021,0.0292,0.8992
2016-10-01,0.2648,0.008,0.0162,0.0035,0.0019,0.0041,0.0025,0.0306,0.0334,0.0014,0.0027,0.0417,0.0469,0.0033,0.0014,0.0049,0.0371,0.0098,0.0477,0.003,0.003,0.0017,0.0141,0.0038,0.0041,0.0139,0.0129,0.0026,0.5868,0.0644,0.0044,0.0017,0.0862,0.0079,0.0031,0.0036,0.3907,0.0014,0.0042,0.0023,0.015,0.0566,0.0031,0.0055,0.0044,0.0017,0.0138,0.0016,0.0015,0.0383,0.6466
2016-11-01,0.2504,0.007,0.0155,0.0028,0.0025,0.0011,0.0026,0.0342,0.0259,0.0007,0.0019,0.0348,0.0605,0.0005,0.003,0.0036,0.0513,0.0132,0.0241,0.0015,0.0014,0.0015,0.0143,0.0028,0.0049,0.0128,0.0095,0.0005,0.5605,0.0937,0.003,0.0011,0.0363,0.0064,0.0017,0.0018,0.3064,0.0055,0.0058,0.0033,0.0004,0.0554,0.0027,0.0035,0.0028,0.002,0.0127,0.0002,0.0012,0.0307,0.472
2016-12-01,0.2409,0.0026,0.0114,0.0012,0.0025,0.001,0.002,0.0345,0.0204,0.0008,0.0027,0.0394,0.0559,0.0012,0.0044,0.0038,0.0649,0.0065,0.0189,0.0012,0.0012,0.0036,0.0164,0.003,0.003,0.0111,0.0136,0.0023,0.5211,0.0791,0.003,0.0007,0.0056,0.0055,0.001,0.0035,0.239,0.0773,0.0041,0.0025,0.0003,0.0622,0.001,0.0015,0.0015,0.0037,0.0105,0.0017,0.0137,0.0143,0.3944
2017-01-01,0.2607,0.0005,0.0082,0.0017,0.0027,0.001,0.0017,0.0447,0.0175,0.0003,0.0077,0.0296,0.0541,0.0003,0.0048,0.0026,0.0781,0.0046,0.011,0.0005,0.0015,0.002,0.0157,0.0001,0.0027,0.011,0.0125,0.008,0.3175,0.0291,0.003,0.0011,0.0118,0.0049,0.0012,0.0013,0.1362,0.1166,0.003,0.0019,0.001,0.0592,0.0034,0.0003,0.0004,0.0028,0.0083,0.002,0.0015,0.0166,0.1983
2017-02-01,0.2153,0.0011,0.0057,0.0008,0.0011,0.0001,0.0039,0.0489,0.0267,0.001,0.0035,0.0288,0.0297,0.0015,0.0009,0.0023,0.0496,0.0039,0.0048,0.0006,0.0016,0.004,0.017,0.0008,0.0017,0.009,0.0099,0.0013,0.1709,0.022,0.0029,0.0012,0.0059,0.005,0.0016,0.0022,0.0419,0.0002,0.0029,0.0023,0.0005,0.0521,0.0012,0.0007,0.0003,0.001,0.0197,0.0005,0.0007,0.0238,0.0887
2017-03-01,0.2208,0.0012,0.0069,0.0004,0.0009,0.0002,0.0027,0.0369,0.0377,0.0007,0.0009,0.0305,0.029,0.0003,0.0008,0.0025,0.0694,0.0065,0.0264,0.0008,0.0028,0.0019,0.0173,0.001,0.0073,0.0121,0.0058,0.001,0.108,0.0295,0.0009,0.0013,0.0033,0.0081,0.003,0.0019,0.01,0.0004,0.0052,0.0016,0.0009,0.0432,0.0025,0.0001,0.0001,0.0017,0.0062,0.0001,0.0008,0.0455,0.0441
2017-04-01,0.2067,0.0046,0.0081,0.0007,0.0006,0.0009,0.0034,0.0605,0.0512,0.0016,0.002,0.0354,0.0292,0.0022,0.0013,0.0025,0.1602,0.0098,0.0204,0.0008,0.0042,0.0051,0.0174,0.0082,0.0112,0.0197,0.0085,0.0007,0.0777,0.0417,0.0007,0.0009,0.0033,0.0163,0.0027,0.003,0.0042,0.0008,0.0018,0.001,0.0051,0.034,0.0009,0.001,0.0005,0.0019,0.0026,0.0005,0.0007,0.0875,0.026
2017-05-01,0.17,0.0014,0.0099,0.0014,0.0003,0.0009,0.0026,0.0585,0.0589,0.0046,0.0016,0.0454,0.038,0.0005,0.0012,0.0021,0.1155,0.0125,0.0079,0.0005,0.0041,0.0039,0.0193,0.0091,0.0089,0.0213,0.0092,0.0007,0.1128,0.0548,0.002,0.0,0.0116,0.0111,0.0012,0.0032,0.0033,0.0011,0.0027,0.0007,0.0011,0.0686,0.0022,0.0008,0.001,0.0024,0.0054,0.0006,0.0009,0.0663,0.0113
2017-06-01,0.1815,0.0012,0.0065,0.0005,0.001,0.0004,0.0023,0.0634,0.035,0.0177,0.0005,0.0505,0.0231,0.0006,0.0009,0.0022,0.0426,0.011,0.0157,0.0002,0.0043,0.0015,0.0223,0.0018,0.0043,0.016,0.0124,0.0002,0.121,0.0433,0.0019,0.0006,0.003,0.0098,0.0012,0.0027,0.0004,0.0004,0.0034,0.001,0.0009,0.0647,0.0008,0.0017,0.0003,0.0022,0.005,0.0001,0.0013,0.06,0.0127
2017-07-01,0.1997,0.0018,0.0098,0.0025,0.0024,0.0005,0.0035,0.0608,0.0364,0.0841,0.004,0.0651,0.0242,0.006,0.003,0.006,0.0191,0.0177,0.0293,0.0001,0.0067,0.0023,0.0252,0.003,0.0123,0.0166,0.0181,0.0004,0.1153,0.0471,0.0021,0.0014,0.023,0.0094,0.0015,0.0042,0.0037,0.0014,0.0025,0.0019,0.0014,0.0632,0.0005,0.0093,0.0008,0.003,0.0206,0.0014,0.0028,0.0383,0.0173
2017-08-01,0.1786,0.0014,0.0074,0.0013,0.0016,0.0003,0.0036,0.053,0.0321,0.2391,0.002,0.0696,0.0184,0.0009,0.0009,0.0044,0.0164,0.0134,0.0166,0.0014,0.0043,0.0026,0.0213,0.004,0.0113,0.0188,0.0134,0.0011,0.1138,0.0321,0.0026,0.0005,0.013,0.0079,0.0015,0.0021,0.006,0.0017,0.0029,0.002,0.0051,0.0335,0.0012,0.0041,0.0008,0.0032,0.016,0.0019,0.0026,0.0389,0.0208
2017-09-01,0.2306,0.0009,0.005,0.0005,0.0003,0.0002,0.0035,0.0449,0.0256,0.7973,0.0085,0.0346,0.0109,0.0005,0.0013,0.0021,0.0047,0.0028,0.0108,0.0016,0.0028,0.0015,0.0202,0.0017,0.0107,0.0211,0.014,0.0004,0.0971,0.0195,0.0044,0.0003,0.0074,0.0066,0.0021,0.0027,0.0053,0.0021,0.0015,0.0043,0.0035,0.0285,0.0013,0.0034,0.0001,0.0014,0.015,0.0006,0.0006,0.0198,0.0315
2017-10-01,0.2914,0.0011,0.0072,0.0019,0.0008,0.0004,0.0039,0.0249,0.0353,0.0,0.0003,0.0454,0.0109,0.0026,0.0026,0.0056,0.0072,0.0041,0.0219,0.0013,0.0028,0.0039,0.0197,0.0036,0.0199,0.0205,0.0207,0.0014,0.0489,0.0135,0.003,0.0013,0.0252,0.0072,0.0016,0.0024,0.01,0.0033,0.0031,0.0035,0.0003,0.0265,0.0016,0.0008,0.0001,0.0025,0.0144,0.0004,0.0009,0.0202,0.0562
2017-11-01,0.2273,0.0051,0.0078,0.0011,0.0008,0.0013,0.0032,0.0355,0.0192,0.0004,0.0024,0.0542,0.0066,0.0013,0.0019,0.0036,0.0063,0.0086,0.0107,0.001,0.0032,0.0004,0.0184,0.0015,0.0088,0.023,0.0159,0.0023,0.0336,0.0158,0.0029,0.0012,0.0043,0.0061,0.0019,0.0027,0.0067,0.0013,0.0035,0.0023,0.0003,0.033,0.0017,0.0007,0.0002,0.0034,0.0121,0.0007,0.0012,0.0299,0.0414
2017-12-01,0.2059,0.0026,0.0105,0.0005,0.0008,0.0,0.0033,0.0266,0.0117,0.0003,0.003,0.0445,0.0053,0.0001,0.0029,0.0036,0.0075,0.0105,0.0049,0.0005,0.0046,0.0009,0.0189,0.0017,0.0067,0.031,0.0088,0.0008,0.0205,0.0155,0.0015,0.0014,0.0008,0.0058,0.0025,0.0033,0.0018,0.0012,0.0021,0.0028,0.0006,0.0232,0.0016,0.0005,0.0001,0.0004,0.0153,0.0,0.0008,0.0225,0.0229
2018-01-01,0.1862,0.0005,0.0094,0.0007,0.0009,0.0,0.0025,0.0293,0.0117,0.0005,0.003,0.0548,0.0073,0.0,0.0059,0.0046,0.0099,0.012,0.0064,0.0005,0.0019,0.0036,0.0181,0.0014,0.0124,0.0359,0.0067,0.0,0.0125,0.0253,0.0023,0.0033,0.0012,0.0064,0.0036,0.0032,0.0004,0.0003,0.0034,0.0044,0.0,0.0223,0.0031,0.001,0.0001,0.0006,0.0389,0.0,0.0,0.0118,0.0115
2018-02-01,0.1094,0.0001,0.005,0.0001,0.0017,0.0,0.0024,0.0263,0.009,0.0002,0.0021,0.0522,0.0073,0.0002,0.0014,0.004,0.0075,0.0047,0.0075,0.0002,0.0005,0.0014,0.0181,0.0035,0.0059,0.0258,0.0131,0.0007,0.012,0.0202,0.0013,0.0007,0.0018,0.0044,0.0013,0.0016,0.0018,0.0004,0.0015,0.0012,0.0003,0.0239,0.0008,0.0,0.0003,0.0015,0.0097,0.0001,0.0001,0.0171,0.0134
2018-03-01,0.1001,0.0003,0.0076,0.0003,0.0034,0.0001,0.0033,0.0309,0.0126,0.0006,0.0013,0.0503,0.01,0.0007,0.0024,0.0024,0.0097,0.0046,0.0006,0.0018,0.0011,0.0033,0.02,0.0114,0.0075,0.0111,0.0114,0.0002,0.0132,0.0191,0.0027,0.0009,0.0021,0.0052,0.0017,0.0026,0.0024,0.0013,0.0018,0.002,0.0009,0.0323,0.0009,0.0,0.0016,0.0014,0.01,0.0007,0.0023,0.0151,0.0055
2018-04-01,0.1138,0.0008,0.0089,0.0027,0.0025,0.0004,0.0036,0.038,0.0147,0.0005,0.0033,0.0592,0.0105,0.0005,0.0216,0.0033,0.0145,0.0029,0.0082,0.0014,0.0021,0.0013,0.0245,0.0199,0.0135,0.0119,0.0119,0.0006,0.0274,0.0231,0.004,0.0012,0.0023,0.0057,0.0026,0.0033,0.0199,0.0045,0.0017,0.0017,0.0006,0.0485,0.0006,0.0005,0.0024,0.0023,0.0133,0.0031,0.0084,0.0116,0.0031
2018-05-01,0.0823,0.001,0.0055,0.0013,0.0016,0.0009,0.0012,0.0424,0.0165,0.0009,0.0008,0.0573,0.0051,0.0004,0.004,0.0031,0.0121,0.0048,0.0156,0.0014,0.0014,0.0028,0.0247,0.0007,0.0077,0.0155,0.0037,0.0008,0.0038,0.0148,0.0016,0.0007,0.0032,0.0051,0.002,0.0015,0.0023,0.0019,0.0024,0.001,0.0011,0.0145,0.0004,0.0,0.0005,0.0012,0.0086,0.001,0.0011,0.0083,0.0019
2018-06-01,0.0755,0.0004,0.0064,0.001,0.0017,0.0008,0.0013,0.0605,0.0354,0.0005,0.0007,0.0509,0.0138,0.0001,0.0021,0.0025,0.0071,0.0076,0.0103,0.0017,0.0016,0.0037,0.0251,0.0008,0.0029,0.0183,0.005,0.001,0.0042,0.0223,0.0014,0.0005,0.0001,0.0058,0.0016,0.0017,0.001,0.0041,0.0015,0.0014,0.0025,0.0194,0.0012,0.0001,0.0002,0.0015,0.0048,0.0009,0.0009,0.0079,0.0036
2018-07-01,0.1162,0.0012,0.0025,0.0009,0.0048,0.0007,0.0035,0.0765,0.0564,0.0006,0.001,0.0617,0.0237,0.0011,0.0023,0.0042,0.0067,0.0192,0.0279,0.0025,0.0022,0.042,0.0311,0.0023,0.005,0.0252,0.0088,0.0045,0.0088,0.0349,0.0039,0.0017,0.0164,0.006,0.0036,0.0038,0.0039,0.0134,0.0036,0.0008,0.0119,0.0187,0.0005,0.0007,0.0008,0.0045,0.0035,0.0027,0.0018,0.0173,0.0017
2018-08-01,0.083,0.0011,0.0042,0.0007,0.0023,0.0006,0.004,0.0679,0.0482,0.0,0.0013,0.0478,0.0244,0.0012,0.0026,0.0027,0.0046,0.017,0.011,0.0019,0.0028,0.018,0.0316,0.0029,0.0061,0.0151,0.0098,0.0081,0.009,0.0503,0.0046,0.002,0.0041,0.0059,0.0031,0.0025,0.0024,0.0035,0.0023,0.0008,0.0124,0.0173,0.0001,0.0002,0.0004,0.0108,0.0109,0.001,0.0008,0.035,0.0037
2018-09-01,0.0711,0.0007,0.0064,0.0002,0.0016,0.0031,0.0044,0.0659,0.029,0.0003,0.0014,0.0572,0.0228,0.0036,0.0033,0.0048,0.0145,0.0051,0.0084,0.0011,0.0053,0.0016,0.0326,0.0038,0.0057,0.0144,0.0088,0.025,0.0066,0.0595,0.0038,0.0016,0.0048,0.0071,0.0034,0.0029,0.0056,0.0007,0.0018,0.0017,0.0181,0.0219,0.0005,0.0009,0.0001,0.0089,0.0173,0.0002,0.0021,0.0502,0.0049
2018-10-01,0.0603,0.0012,0.0146,0.0013,0.0015,0.0002,0.0051,0.0565,0.0171,0.0008,0.0064,0.0537,0.0281,0.0005,0.006,0.0072,0.0243,0.0062,0.0093,0.0009,0.0037,0.0005,0.0318,0.0045,0.009,0.0142,0.0091,0.0005,0.0048,0.0735,0.0011,0.0003,0.0108,0.0084,0.001,0.0036,0.0051,0.0017,0.0028,0.0023,0.0009,0.0303,0.0007,0.0005,0.0007,0.0039,0.0124,0.0001,0.0021,0.0786,0.0027
2018-11-01,0.0876,0.0009,0.0133,0.0007,0.0016,0.0,0.0065,0.0651,0.0178,0.0011,0.0025,0.062,0.0244,0.0013,0.0039,0.0108,0.0171,0.0051,0.0241,0.001,0.0016,0.0021,0.0366,0.0023,0.0105,0.0137,0.0094,0.0023,0.0033,0.0585,0.0011,0.0002,0.0026,0.0095,0.0022,0.0044,0.0061,0.0012,0.0032,0.0023,0.0016,0.0331,0.0005,0.0006,0.0007,0.0021,0.01,0.001,0.0015,0.2009,0.002
2018-12-01,0.0962,0.0013,0.0082,0.001,0.0018,0.0005,0.0065,0.0552,0.0133,0.001,0.0036,0.0839,0.0283,0.001,0.0046,0.0062,0.0161,0.01,0.0202,0.0001,0.0031,0.0013,0.0441,0.0036,0.0075,0.0169,0.0192,0.0039,0.0042,0.0585,0.001,0.0014,0.0033,0.011,0.0019,0.0034,0.0066,0.0019,0.0035,0.0017,0.0039,0.0301,0.0018,0.0005,0.0007,0.0024,0.0135,0.0018,0.003,0.2585,0.0024
2019-01-01,0.058,0.0003,0.0061,0.0002,0.0042,0.0,0.0119,0.0533,0.0122,0.0003,0.0001,0.1029,0.0327,0.0006,0.004,0.0019,0.018,0.0033,0.0108,0.0002,0.0014,0.0019,0.049,0.0044,0.0037,0.0078,0.0298,0.0002,0.007,0.0369,0.0004,0.0009,0.0009,0.0086,0.002,0.0022,0.0044,0.0032,0.0025,0.0005,0.0013,0.0336,0.0003,0.0002,0.0002,0.0011,0.0159,0.0017,0.0041,0.2576,0.0014
2019-02-01,0.0485,0.0013,0.0153,0.0004,0.0039,0.0,0.0085,0.0301,0.0152,0.0007,0.0015,0.079,0.0537,0.0016,0.0039,0.0094,0.0156,0.0048,0.0125,0.0003,0.0028,0.0019,0.0496,0.0047,0.0061,0.0161,0.0397,0.0011,0.0099,0.0961,0.0009,0.001,0.0003,0.0103,0.0025,0.0025,0.0056,0.0276,0.0031,0.0033,0.0015,0.0624,0.0013,0.0002,0.0009,0.001,0.0098,0.2029,0.0074,0.2035,0.0026
2019-03-01,0.037,0.0006,0.0297,0.0004,0.0035,0.0012,0.0059,0.0379,0.0146,0.0009,0.0028,0.0823,0.0354,0.0017,0.0023,0.023,0.0137,0.0037,0.0221,0.0005,0.0026,0.0018,0.0526,0.0017,0.0042,0.0155,0.0298,0.001,0.0078,0.1009,0.0016,0.0005,0.0025,0.0111,0.0019,0.0019,0.0124,0.0052,0.0025,0.0042,0.0005,0.0596,0.0007,0.0008,0.0004,0.0012,0.0108,0.0008,0.0016,0.1337,0.0068
2019-04-01,0.0473,0.0002,0.03,0.0015,0.0043,0.0005,0.0046,0.0634,0.0266,0.0011,0.0036,0.0871,0.0159,0.0004,0.0012,0.0346,0.0058,0.0026,0.0215,0.0001,0.0063,0.0024,0.0592,0.0008,0.0036,0.0174,0.0075,0.0018,0.0062,0.0264,0.0045,0.0009,0.008,0.0118,0.003,0.002,0.0234,0.0016,0.0044,0.0032,0.0005,0.0411,0.0012,0.0003,0.0006,0.0019,0.0541,0.0002,0.0022,0.08,0.0085
2019-05-01,0.0326,0.001,0.0372,0.0016,0.0031,0.0002,0.0047,0.0722,0.0332,0.0015,0.0024,0.078,0.0171,0.0005,0.0014,0.032,0.0165,0.0017,0.0425,0.0004,0.0055,0.0014,0.0638,0.0014,0.0077,0.0164,0.0046,0.001,0.0074,0.0171,0.0018,0.0015,0.0026,0.0129,0.0053,0.0024,0.042,0.0021,0.0041,0.0027,0.0016,0.0206,0.0023,0.0002,0.0013,0.0015,0.0516,0.0003,0.003,0.0972,0.0042
2019-06-01,0.0234,0.0006,0.0352,0.0027,0.0022,0.0007,0.0054,0.0595,0.0279,0.0019,0.0022,0.0788,0.0173,0.0017,0.0028,0.0117,0.022,0.0031,0.0499,0.0012,0.0079,0.0056,0.0678,0.0026,0.0063,0.0242,0.0108,0.0006,0.0182,0.0176,0.0024,0.0013,0.001,0.0158,0.0059,0.0022,0.0469,0.0018,0.0057,0.0025,0.0014,0.0204,0.0063,0.0001,0.0068,0.0012,0.038,0.0007,0.0026,0.099,0.0058
2019-07-01,0.0889,0.0013,0.0161,0.0016,0.0026,0.0,0.0041,0.0628,0.025,0.001,0.0017,0.0599,0.0152,0.0013,0.0044,0.0139,0.0193,0.0022,0.0725,0.0034,0.0244,0.0228,0.0717,0.0032,0.0053,0.0282,0.0026,0.0024,0.021,0.0141,0.0045,0.0014,0.0002,0.0159,0.0089,0.0019,0.0338,0.0013,0.0027,0.0014,0.0021,0.0162,0.0007,0.0006,0.001,0.0042,0.0546,0.0008,0.0148,0.0905,0.0062
2019-08-01,0.0918,0.0016,0.0138,0.0002,0.0019,0.0005,0.0046,0.0555,0.0258,0.0004,0.0017,0.0484,0.0159,0.0004,0.0062,0.0043,0.0077,0.0072,0.0128,0.0023,0.0137,0.0018,0.0716,0.0043,0.0044,0.0303,0.0059,0.0007,0.019,0.0107,0.0024,0.0029,0.0018,0.0168,0.0058,0.0026,0.0468,0.0011,0.0011,0.0015,0.0038,0.0167,0.0012,0.0003,0.0008,0.0046,0.0382,0.0016,0.0154,0.0958,0.0074
2019-09-01,0.0836,0.0046,0.0121,0.0032,0.0015,0.003,0.0027,0.048,0.0344,0.0028,0.0031,0.0325,0.0166,0.0042,0.0063,0.0058,0.0142,0.0067,0.0169,0.0007,0.0086,0.0022,0.0769,0.0073,0.0016,0.0406,0.0079,0.0004,0.0282,0.0143,0.0024,0.0024,0.0042,0.0204,0.0044,0.0042,0.0503,0.0018,0.0039,0.0019,0.0081,0.0175,0.0044,0.0009,0.0007,0.0032,0.0252,0.0017,0.0069,0.1291,0.0169
2019-10-01,0.1775,0.0071,0.0054,0.0021,0.0014,0.0023,0.0023,0.0377,0.0325,0.0,0.0044,0.0483,0.0149,0.0004,0.0057,0.0072,0.0132,0.0106,0.0272,0.0013,0.0026,0.0055,0.0863,0.005,0.003,0.0484,0.0056,0.0018,0.023,0.0096,0.0014,0.0019,0.0028,0.0221,0.0057,0.003,0.0634,0.0017,0.0038,0.002,0.0189,0.0123,0.0211,0.0018,0.0017,0.0009,0.0193,0.0009,0.0005,0.137,0.0194
2019-11-01,0.2008,0.0019,0.0036,0.0006,0.0007,0.0007,0.002,0.034,0.0181,0.0003,0.0022,0.0525,0.0139,0.0004,0.0052,0.0044,0.0072,0.0029,0.0176,0.0008,0.0024,0.0054,0.0688,0.0073,0.0032,0.0322,0.0127,0.001,0.0275,0.0088,0.0008,0.0007,0.0032,0.0192,0.0033,0.0019,0.0611,0.0023,0.0033,0.0018,0.0158,0.0148,0.0012,0.0007,0.0033,0.0023,0.0123,0.0007,0.0011,0.1316,0.0396
2019-12-01,0.1961,0.0017,0.0045,0.0006,0.0015,0.0011,0.0039,0.0255,0.0171,0.0007,0.0012,0.0533,0.0094,0.0013,0.003,0.0056,0.0055,0.0046,0.0293,0.0001,0.0065,0.0034,0.0715,0.0029,0.0046,0.0262,0.0138,0.0012,0.0242,0.0091,0.0006,0.0014,0.0027,0.0263,0.0033,0.0021,0.0741,0.0031,0.0038,0.0011,0.0189,0.0227,0.001,0.0021,0.0083,0.0025,0.01,0.0001,0.0003,0.0687,0.0352
2020-01-01,0.0905,0.0009,0.0019,0.0029,0.0007,0.0005,0.001,0.0106,0.0136,0.0012,0.0007,0.0416,0.0102,0.0021,0.0012,0.0091,0.0068,0.0044,0.0075,0.0005,0.0091,0.0016,0.0848,0.0013,0.0088,0.0031,0.0082,0.0006,0.0199,0.0034,0.0011,0.0006,0.0029,0.0336,0.0019,0.0022,0.0668,0.0038,0.0033,0.0011,0.0223,0.0146,0.0007,0.0007,0.0079,0.0005,0.0075,0.0002,0.001,0.0193,0.0322
2020-02-01,0.0292,0.0015,0.0031,0.0006,0.0015,0.0014,0.0014,0.0112,0.0113,0.001,0.0025,0.0575,0.0069,0.0016,0.0025,0.0053,0.0067,0.0025,0.0051,0.0,0.004,0.0024,0.0868,0.001,0.0042,0.0028,0.0096,0.0013,0.0102,0.0031,0.0003,0.001,0.0172,0.0462,0.0019,0.0025,0.0467,0.0044,0.0051,0.0011,0.0249,0.0041,0.0009,0.0009,0.0058,0.0031,0.0105,0.0005,0.0011,0.0374,0.0315
2020-03-01,0.0,0.0,0.0,0.0006,0.0004,0.0001,0.0001,0.0002,0.0008,0.0002,0.0,0.0606,0.0001,0.0001,0.0001,0.0008,0.0,0.0007,0.0002,0.0,0.0,0.0,0.0886,0.0001,0.0001,0.0,0.0012,0.0003,0.0,0.0,0.0001,0.0001,0.0,0.0555,0.0002,0.0004,0.0025,0.0002,0.0005,0.0028,0.0016,0.0001,0.0001,0.0,0.0016,0.0001,0.0032,0.0,0.0001,0.0059,0.0003
2020-04-01,0.9997,0.9905,0.9809,0.9762,0.9989,1.0,0.9992,0.9912,0.9936,0.9873,0.9989,0.9162,0.9946,0.9785,0.9977,0.9944,0.9979,0.9856,0.9995,1.0,0.9977,0.9991,0.8167,1.0,0.9992,0.9942,0.9846,0.9961,1.0,0.992,1.0,0.9999,1.0,0.7501,0.9999,0.9927,0.9853,0.9999,0.9991,0.9645,0.996,0.9876,0.9972,0.9919,0.9391,0.9992,0.9968,0.9968,0.9988,0.9761,0.9963
2020-05-01,0.0,0.0,0.0,0.0,0.0,0.0,0.0,0.0,0.0,0.0001,0.0,0.0606,0.0,0.0001,0.0,0.0,0.0,0.0007,0.0001,0.0,0.0,0.0,0.0129,0.0,0.0,0.0001,0.0,0.0,0.0,0.0,0.0,0.0,0.0,0.0431,0.0,0.0001,0.0002,0.0,0.0,0.0016,0.0002,0.0,0.0,0.0,0.0,0.0,0.0,0.0,0.0,0.0005,0.0
2020-06-01,0.0,0.0,0.0,0.0,0.0,0.0,0.0,0.0,0.0,0.0,0.0,0.0016,0.0,0.0,0.0,0.0,0.0,0.0,0.0001,0.0,0.0,0.0,0.001,0.0,0.0,0.0,0.0,0.0,0.0,0.0,0.0,0.0,0.0,0.0026,0.0,0.0,0.0,0.0,0.0,0.0,0.0,0.0,0.0,0.0,0.0,0.0,0.0,0.0,0.0,0.0,0.0
2020-07-01,0.0,0.0,0.0,0.0,0.0,0.0,0.0,0.0,0.0,0.0,0.0,0.0005,0.0,0.0,0.0,0.0,0.0,0.0,0.0,0.0,0.0,0.0,0.0007,0.0,0.0,0.0,0.0,0.0,0.0,0.0,0.0,0.0,0.0,0.0028,0.0,0.0,0.0,0.0,0.0,0.0,0.0,0.0,0.0,0.0,0.0,0.0,0.0,0.0,0.0,0.0001,0.0
2020-08-01,0.0,0.0,0.0,0.0,0.0,0.0,0.0,0.0,0.0,0.0,0.0,0.0009,0.0,0.0,0.0,0.0,0.0,0.0,0.0,0.0,0.0,0.0,0.0011,0.0,0.0,0.0,0.0,0.0,0.0,0.0,0.0,0.0,0.0,0.0032,0.0,0.0,0.0,0.0,0.0,0.0,0.0,0.0,0.0,0.0,0.0001,0.0,0.0,0.0,0.0,0.0,0.0
2020-09-01,0.0,0.0,0.0,0.0,0.0,0.0,0.0,0.0,0.0,0.0,0.0,0.0043,0.0,0.0,0.0,0.0,0.0001,0.0,0.0,0.0,0.0,0.0,0.0012,0.0,0.0,0.0,0.0,0.0,0.0,0.0,0.0,0.0,0.0,0.0045,0.0,0.0,0.0,0.0,0.0,0.0,0.0,0.0,0.0,0.0,0.0002,0.0,0.0,0.0,0.0,0.0,0.0
2020-10-01,0.0026,0.0,0.0008,0.0001,0.0006,0.0011,0.0004,0.1486,0.0068,0.0,0.0,0.0104,0.0007,0.0001,0.0012,0.0004,0.0045,0.0009,0.0004,0.0001,0.0007,0.0001,0.0053,0.0011,0.0006,0.0003,0.0008,0.0,0.0052,0.0014,0.0005,0.0004,0.0068,0.0083,0.0,0.0,0.0014,0.0043,0.0016,0.0002,0.0001,0.0004,0.0,0.0004,0.0013,0.0002,0.0292,0.004,0.0,0.0043,0.0003
2020-11-01,0.0151,0.0002,0.0031,0.0004,0.0098,0.0476,0.0013,0.162,0.0072,0.0002,0.0,0.0034,0.0031,0.0005,0.0269,0.0025,0.0062,0.0024,0.0034,0.0002,0.0014,0.0003,0.0329,0.0291,0.001,0.0019,0.0015,0.0001,0.1034,0.0012,0.0069,0.0011,0.0743,0.0097,0.0049,0.0004,0.0035,0.0295,0.0105,0.0058,0.0,0.0166,0.0001,0.001,0.0012,0.0007,0.0762,0.0103,0.0025,0.0152,0.0
2020-12-01,0.0438,0.0005,0.0157,0.0013,0.021,0.0706,0.0035,0.1954,0.0128,0.0004,0.0002,0.0035,0.0019,0.0008,0.0141,0.0021,0.0058,0.0032,0.0075,0.0012,0.0014,0.0033,0.06,0.0673,0.002,0.0099,0.0017,0.0001,0.0262,0.0019,0.0288,0.001,0.1192,0.009,0.0109,0.0007,0.0111,0.0939,0.0443,0.0317,0.0001,0.0095,0.0015,0.0015,0.0003,0.0008,0.1125,0.0398,0.0004,0.0265,0.0001
2021-01-01,0.0542,0.0014,0.0046,0.0029,0.017,0.0013,0.0018,0.1928,0.0181,0.0002,0.0019,0.007,0.0025,0.0011,0.0013,0.0022,0.007,0.0002,0.0134,0.0004,0.0016,0.0005,0.01,0.002,0.0028,0.0303,0.0009,0.0014,0.0008,0.0038,0.0009,0.0004,0.0345,0.0032,0.0075,0.0003,0.0267,0.0391,0.0033,0.0018,0.0016,0.0046,0.0249,0.0036,0.0007,0.0013,0.0428,0.017,0.0004,0.04,0.0327
2021-02-01,0.0648,0.0012,0.0229,0.0009,0.0021,0.0001,0.0005,0.105,0.0157,0.0004,0.0017,0.006,0.0047,0.0006,0.0002,0.004,0.0209,0.0022,0.0091,0.0003,0.0017,0.0001,0.0025,0.001,0.0152,0.0375,0.0028,0.0005,0.0008,0.0101,0.0025,0.0008,0.0064,0.0008,0.0021,0.0013,0.0461,0.0083,0.0016,0.0004,0.002,0.0073,0.0097,0.0057,0.0009,0.0026,0.0098,0.0015,0.0032,0.0143,0.0007
2021-03-01,0.0571,0.0003,0.0013,0.0003,0.0016,0.0004,0.0004,0.0458,0.0024,0.0001,0.001,0.0034,0.0012,0.0001,0.0005,0.0013,0.0015,0.0003,0.0021,0.0001,0.0004,0.0004,0.0039,0.0012,0.0012,0.0068,0.0003,0.0003,0.0002,0.001,0.0004,0.0003,0.0016,0.0002,0.0003,0.0011,0.0017,0.001,0.0006,0.0003,0.0004,0.0011,0.004,0.0001,0.0006,0.0009,0.0028,0.0,0.0002,0.0062,0.0002
2021-04-01,0.0806,0.0016,0.0089,0.0016,0.0011,0.0005,0.0004,0.0198,0.0014,0.0006,0.0016,0.0016,0.0012,0.0005,0.0013,0.0046,0.0015,0.0011,0.0065,0.0001,0.0009,0.0017,0.007,0.0028,0.0022,0.0088,0.0013,0.0003,0.0001,0.0015,0.0004,0.0005,0.0031,0.0,0.0006,0.0034,0.0038,0.0022,0.0017,0.0003,0.0013,0.0004,0.0101,0.0008,0.0003,0.0017,0.0005,0.0004,0.0,0.0155,0.0006
2021-05-01,0.1476,0.0004,0.0058,0.0006,0.0012,0.0004,0.0002,0.011,0.0029,0.0001,0.0002,0.0021,0.002,0.001,0.002,0.0016,0.0023,0.001,0.0045,0.0001,0.0014,0.0034,0.0038,0.0043,0.0021,0.0023,0.0015,0.0,0.005,0.0029,0.0011,0.0006,0.0027,0.0003,0.0006,0.0011,0.0026,0.0038,0.0015,0.0003,0.0004,0.0006,0.0012,0.0003,0.0009,0.0007,0.0021,0.0003,0.0001,0.0131,0.0002
2021-06-01,0.0752,0.0,0.0039,0.0001,0.0021,0.0002,0.0003,0.0044,0.0042,0.0001,0.0004,0.0042,0.0017,0.0004,0.0008,0.0005,0.0032,0.001,0.0065,0.0007,0.0022,0.0045,0.002,0.0035,0.0005,0.0017,0.0017,0.0002,0.0009,0.0009,0.0017,0.0002,0.0033,0.0002,0.0005,0.0002,0.0007,0.0029,0.0013,0.0001,0.0005,0.0014,0.0006,0.0003,0.0,0.0011,0.0022,0.0005,0.0,0.012,0.0007
2021-07-01,0.0267,0.0,0.0044,0.0001,0.0023,0.0001,0.0001,0.002,0.0003,0.0001,0.0,0.0053,0.0007,0.0006,0.0001,0.0003,0.0034,0.0007,0.0137,0.0,0.0002,0.0005,0.0006,0.0024,0.0003,0.0004,0.0029,0.0002,0.0001,0.002,0.0004,0.0003,0.0006,0.0,0.0002,0.0002,0.002,0.0007,0.0004,0.0009,0.0,0.0013,0.0001,0.0002,0.0002,0.0003,0.0013,0.0,0.0,0.0078,0.0009
2021-08-01,0.0261,0.0006,0.004,0.0011,0.0028,0.0012,0.0017,0.0045,0.0025,0.0006,0.0041,0.0171,0.0031,0.0023,0.0013,0.0119,0.0322,0.0005,0.0803,0.0009,0.0007,0.0012,0.0012,0.0091,0.0058,0.0066,0.0026,0.0043,0.0032,0.0125,0.001,0.0006,0.0042,0.0009,0.0008,0.0027,0.0037,0.0096,0.0012,0.0025,0.0005,0.008,0.0013,0.0008,0.0072,0.0013,0.0059,0.0002,0.0023,0.0223,0.0014
2021-09-01,0.0241,0.0017,0.0103,0.0005,0.0036,0.0003,0.0014,0.0039,0.0036,0.0004,0.0019,0.0286,0.0068,0.006,0.001,0.0153,0.0757,0.0037,0.3118,0.002,0.0014,0.002,0.0011,0.0143,0.0108,0.0045,0.0019,0.0044,0.004,0.0397,0.0047,0.0004,0.0034,0.0014,0.0001,0.0097,0.0033,0.0089,0.0027,0.0013,0.0013,0.0062,0.0058,0.0004,0.0105,0.0058,0.0075,0.0006,0.0017,0.0396,0.0045
2021-10-01,0.0179,0.0,0.0007,0.0005,0.0017,0.0001,0.0001,0.0017,0.0002,0.0,0.0,0.0192,0.0024,0.0013,0.0,0.0002,0.0035,0.0,0.0027,0.0,0.0003,0.0002,0.0005,0.0012,0.0004,0.0007,0.0002,0.0,0.0008,0.0033,0.0004,0.0002,0.0012,0.0,0.0,0.0002,0.0005,0.0026,0.0002,0.0002,0.0001,0.003,0.0004,0.0002,0.0004,0.0003,0.0032,0.0002,0.0,0.0066,0.0002
2021-11-01,0.0205,0.0001,0.0038,0.0012,0.0044,0.0001,0.0001,0.0092,0.0001,0.0003,0.0008,0.0195,0.0035,0.0008,0.0005,0.0005,0.0018,0.0006,0.0055,0.0004,0.0007,0.0013,0.0018,0.0025,0.001,0.0021,0.0008,0.0005,0.0008,0.0019,0.0017,0.0004,0.0072,0.0012,0.0004,0.0004,0.0022,0.0038,0.0009,0.0007,0.0003,0.0023,0.0011,0.0007,0.0008,0.0009,0.0059,0.001,0.0003,0.0099,0.0
2021-12-01,0.038,0.0,0.0029,0.0006,0.004,0.0003,0.0006,0.0168,0.0006,0.0009,0.0013,0.0218,0.0018,0.0009,0.0009,0.0002,0.0023,0.0011,0.0077,0.0006,0.0017,0.0024,0.0017,0.0038,0.0017,0.0018,0.0012,0.0004,0.0014,0.0018,0.0024,0.0004,0.0092,0.0013,0.0004,0.0007,0.0013,0.0045,0.0013,0.0009,0.0003,0.002,0.0004,0.0011,0.0002,0.0022,0.0055,0.0024,0.0002,0.0105,0.0005
2022-01-01,0.0504,0.0,0.0035,0.002,0.0064,0.0004,0.0022,0.0788,0.0046,0.0016,0.001,0.025,0.0044,0.0009,0.0017,0.0011,0.0023,0.0032,0.0212,0.0008,0.0186,0.0016,0.0022,0.0084,0.0032,0.0052,0.0075,0.0034,0.0044,0.0061,0.0015,0.0009,0.0112,0.0017,0.0032,0.0007,0.0021,0.0059,0.0029,0.002,0.0014,0.0026,0.0004,0.0025,0.0002,0.0105,0.0057,0.0059,0.0,0.022,0.0034
2022-02-01,0.0517,0.0,0.0019,0.0008,0.0058,0.0003,0.0001,0.0503,0.0006,0.0002,0.0003,0.0226,0.0008,0.0014,0.0007,0.0014,0.0041,0.0011,0.0095,0.0001,0.0035,0.0002,0.0026,0.0028,0.0007,0.0026,0.002,0.0001,0.0017,0.0023,0.0002,0.0001,0.0062,0.0004,0.0005,0.0003,0.002,0.0041,0.0005,0.0003,0.0001,0.0019,0.0004,0.0006,0.0,0.0005,0.0043,0.0008,0.0001,0.0155,0.0005
2022-03-01,0.0441,0.0011,0.0047,0.0017,0.0084,0.001,0.0007,0.0276,0.0023,0.0006,0.001,0.0219,0.0016,0.0037,0.0013,0.0007,0.0076,0.0005,0.0153,0.0012,0.006,0.0005,0.0025,0.0051,0.0025,0.0088,0.0027,0.0004,0.0011,0.0069,0.0009,0.0006,0.008,0.0012,0.0015,0.0004,0.0023,0.0058,0.0012,0.0003,0.0026,0.0021,0.0012,0.0005,0.0003,0.0011,0.0024,0.0015,0.0004,0.0255,0.0007
2022-04-01,0.0562,0.0001,0.004,0.0004,0.0098,0.0002,0.0009,0.041,0.0008,0.0001,0.0003,0.0215,0.0033,0.0085,0.0012,0.0011,0.0046,0.0007,0.0071,0.0007,0.0036,0.0009,0.0032,0.0039,0.003,0.0069,0.0081,0.0002,0.003,0.0113,0.0014,0.0014,0.0078,0.0008,0.0037,0.0006,0.001,0.0074,0.0016,0.0005,0.0,0.004,0.0008,0.0003,0.0001,0.0001,0.0025,0.003,0.0009,0.0359,0.0011
2022-05-01,0.0542,0.0006,0.0035,0.0019,0.0138,0.0053,0.0023,0.0432,0.013,0.0003,0.0016,0.0255,0.0029,0.004,0.0015,0.0036,0.01,0.0019,0.0078,0.0007,0.0068,0.01,0.0066,0.0055,0.0016,0.0059,0.008,0.0006,0.0014,0.0124,0.0057,0.0015,0.0184,0.0015,0.0004,0.0032,0.0014,0.008,0.0028,0.0008,0.0003,0.0068,0.0003,0.001,0.0019,0.0024,0.0088,0.0044,0.0006,0.0504,0.0094
2022-06-01,0.0668,0.0007,0.0043,0.003,0.0171,0.0082,0.0025,0.0672,0.0276,0.0008,0.0019,0.0212,0.0024,0.0024,0.0019,0.0044,0.0136,0.0027,0.01,0.0006,0.0111,0.018,0.0069,0.0068,0.0019,0.0051,0.0075,0.0003,0.0006,0.0046,0.004,0.0012,0.025,0.0013,0.0004,0.0043,0.0053,0.0075,0.0031,0.0005,0.0011,0.0034,0.0012,0.0013,0.0013,0.0031,0.0069,0.0049,0.0007,0.0394,0.0087
2022-07-01,0.0325,0.0001,0.0028,0.0011,0.0228,0.0034,0.0005,0.0172,0.0017,0.0,0.0008,0.0173,0.0031,0.0007,0.0007,0.0001,0.0009,0.0007,0.0034,0.0005,0.0013,0.0002,0.0053,0.0033,0.0015,0.0014,0.0003,0.0001,0.0003,0.0016,0.0001,0.0004,0.0026,0.0019,0.0004,0.0008,0.0,0.0025,0.0013,0.0003,0.0,0.0016,0.0002,0.0002,0.0002,0.0002,0.0043,0.0,0.0,0.02,0.0001
2022-08-01,0.0497,0.0004,0.0041,0.0033,0.0285,0.0015,0.001,0.0488,0.0008,0.0002,0.0025,0.02,0.0033,0.0032,0.003,0.0035,0.0025,0.0006,0.0082,0.0035,0.002,0.0016,0.0058,0.0052,0.0028,0.0066,0.0027,0.0011,0.0006,0.0022,0.0013,0.0018,0.0039,0.0033,0.0015,0.0021,0.0018,0.0126,0.0035,0.0027,0.0002,0.0037,0.0005,0.0013,0.0039,0.0005,0.0106,0.0006,0.0004,0.0314,0.0008
2022-09-01,0.0539,0.0002,0.0077,0.0017,0.0346,0.0013,0.0015,0.0702,0.0008,0.0,0.0021,0.0225,0.0026,0.0046,0.0047,0.0037,0.002,0.0004,0.0131,0.0027,0.0027,0.0013,0.0082,0.0049,0.0036,0.005,0.0057,0.002,0.0013,0.0034,0.0021,0.0017,0.0062,0.0049,0.0032,0.0018,0.0009,0.0187,0.0038,0.0059,0.0004,0.0072,0.0008,0.0009,0.0037,0.0026,0.0126,0.004,0.0011,0.0451,0.0011
2022-10-01,0.0489,0.0014,0.0163,0.001,0.044,0.0017,0.0015,0.0876,0.0034,0.0005,0.0023,0.0265,0.0045,0.0061,0.0047,0.0032,0.0032,0.0008,0.0193,0.0033,0.0131,0.0044,0.0075,0.0056,0.0066,0.0063,0.0087,0.0029,0.0006,0.0031,0.0038,0.0013,0.0071,0.0086,0.0022,0.0014,0.0019,0.0185,0.004,0.0024,0.001,0.0075,0.002,0.0017,0.0035,0.0029,0.009,0.0043,0.0011,0.0805,0.0017
2022-11-01,0.0257,0.0012,0.014,0.0024,0.0509,0.0018,0.001,0.0397,0.0035,0.0008,0.0035,0.0324,0.0058,0.005,0.0041,0.0029,0.0034,0.001,0.015,0.0027,0.0106,0.0007,0.0068,0.0053,0.0058,0.0053,0.0112,0.0017,0.0005,0.0021,0.0023,0.0013,0.0092,0.0075,0.0023,0.0021,0.0014,0.0174,0.003,0.0022,0.002,0.0098,0.0014,0.0014,0.0018,0.002,0.0072,0.005,0.001,0.1246,0.0001
2022-12-01,0.0344,0.0007,0.0151,0.006,0.0566,0.0022,0.0008,0.0335,0.0015,0.0002,0.0029,0.0366,0.0074,0.008,0.004,0.0037,0.0037,0.0017,0.0112,0.0034,0.0084,0.0022,0.0064,0.0052,0.003,0.0054,0.0068,0.0013,0.0072,0.0024,0.0023,0.0019,0.0055,0.0067,0.0024,0.002,0.0011,0.0096,0.0022,0.0029,0.0008,0.0142,0.0026,0.0015,0.003,0.0034,0.0109,0.0044,0.0014,0.1801,0.0008
2023-01-01,0.0209,0.0002,0.0123,0.0035,0.0623,0.0021,0.0003,0.031,0.0009,0.0003,0.0028,0.0354,0.0073,0.0079,0.0014,0.002,0.0027,0.0007,0.007,0.0011,0.0038,0.0005,0.0057,0.0039,0.0006,0.0008,0.0024,0.0002,0.0005,0.0011,0.0019,0.0014,0.0053,0.0057,0.0015,0.0006,0.0004,0.0074,0.002,0.0024,0.0001,0.0043,0.0014,0.0006,0.002,0.0007,0.0023,0.002,0.0002,0.0392,0.0002
2023-02-01,0.0403,0.0008,0.0154,0.0024,0.0609,0.0036,0.0026,0.038,0.0022,0.0005,0.0055,0.0321,0.0074,0.0124,0.0055,0.0012,0.0131,0.0018,0.0111,0.0022,0.0025,0.0038,0.0057,0.0045,0.003,0.0085,0.006,0.0017,0.001,0.001,0.0029,0.0033,0.0072,0.0064,0.003,0.0017,0.0032,0.02,0.0039,0.002,0.0006,0.0044,0.0033,0.0028,0.0041,0.0019,0.0055,0.0057,0.0004,0.0344,0.0007
2023-03-01,0.0415,0.0006,0.0184,0.0029,0.0627,0.0027,0.0024,0.0365,0.0052,0.0007,0.0102,0.0451,0.007,0.0241,0.0059,0.0035,0.0162,0.0022,0.0127,0.0039,0.0018,0.0044,0.0076,0.0072,0.0068,0.0119,0.0088,0.0023,0.007,0.0039,0.0036,0.0046,0.0082,0.0069,0.0042,0.0015,0.0035,0.023,0.0045,0.0019,0.0013,0.0048,0.0045,0.0028,0.0048,0.0034,0.0062,0.0072,0.0005,0.0392,0.0009
2023-04-01,0.0372,0.001,0.0227,0.0012,0.0613,0.0023,0.0033,0.0263,0.0038,0.0003,0.0111,0.0453,0.0056,0.0017,0.0061,0.0052,0.0157,0.0027,0.0146,0.0057,0.001,0.0014,0.0089,0.0096,0.0087,0.0112,0.0107,0.0024,0.0148,0.0023,0.0034,0.0047,0.0079,0.0074,0.0036,0.0021,0.0049,0.0258,0.004,0.0046,0.0044,0.0069,0.0039,0.0048,0.0021,0.0027,0.0085,0.006,0.0012,0.037,0.0013
2023-05-01,0.0409,0.0008,0.0199,0.0044,0.0621,0.0022,0.0008,0.0411,0.0015,0.0009,0.0094,0.0502,0.0104,0.0042,0.0069,0.0036,0.0125,0.0024,0.0147,0.0049,0.0012,0.0001,0.0114,0.0054,0.0091,0.0109,0.0095,0.0014,0.0017,0.0033,0.0035,0.0017,0.0094,0.0064,0.0021,0.0019,0.0065,0.0279,0.0051,0.0012,0.0014,0.0036,0.0019,0.0053,0.0028,0.0023,0.01,0.0058,0.0016,0.0261,0.0004
2023-06-01,0.0186,0.0001,0.0209,0.005,0.0687,0.003,0.0006,0.0733,0.0021,0.0009,0.0055,0.0562,0.0121,0.0065,0.0076,0.0035,0.008,0.003,0.0234,0.0033,0.0022,0.0002,0.0168,0.0082,0.0061,0.0149,0.0056,0.001,0.0005,0.0023,0.0026,0.0018,0.0076,0.0066,0.0019,0.0008,0.0075,0.0337,0.0033,0.0006,0.0002,0.0021,0.001,0.006,0.0052,0.0029,0.0076,0.0061,0.0005,0.0183,0.0018
2023-07-01,0.0453,0.0024,0.0367,0.0115,0.0727,0.0087,0.0031,0.1442,0.0092,0.0035,0.0095,0.0679,0.0181,0.0294,0.0232,0.0043,0.0224,0.0062,0.0567,0.0033,0.0046,0.0027,0.0231,0.0183,0.0103,0.0313,0.0171,0.0045,0.0036,0.0394,0.0062,0.0036,0.0201,0.0114,0.003,0.0037,0.0139,0.049,0.0064,0.0017,0.0007,0.012,0.002,0.0089,0.0446,0.0032,0.0211,0.0163,0.0031,0.0429,0.003
2023-08-01,0.035,0.0013,0.0259,0.017,0.0699,0.0061,0.0021,0.1337,0.007,0.002,0.0052,0.0796,0.0189,0.0067,0.0188,0.0053,0.0148,0.0024,0.0169,0.0042,0.0044,0.0044,0.0288,0.0153,0.018,0.021,0.0073,0.0018,0.0016,0.0262,0.0072,0.0025,0.012,0.0092,0.0039,0.0031,0.006,0.0452,0.0061,0.002,0.0003,0.0058,0.004,0.0083,0.0312,0.0028,0.0226,0.0123,0.001,0.0205,0.003
2023-09-01,0.0386,0.001,0.0214,0.0352,0.0712,0.009,0.0019,0.0683,0.0089,0.0018,0.0044,0.0794,0.0253,0.0031,0.0171,0.0049,0.0091,0.0017,0.0097,0.0047,0.0031,0.0049,0.0321,0.0124,0.0061,0.019,0.0124,0.0025,0.0016,0.0133,0.0048,0.0021,0.0086,0.0093,0.0033,0.0041,0.0042,0.0457,0.0082,0.0028,0.0004,0.0062,0.0022,0.0096,0.0198,0.0034,0.0137,0.0106,0.001,0.0185,0.0024
2023-10-01,0.0775,0.001,0.0298,0.1405,0.074,0.0148,0.0023,0.0664,0.0169,0.0008,0.0065,0.066,0.0329,0.0015,0.0189,0.0062,0.0118,0.004,0.0096,0.0048,0.0021,0.006,0.0395,0.0125,0.0087,0.024,0.0113,0.0019,0.0034,0.0212,0.0064,0.0032,0.008,0.0166,0.0048,0.0074,0.0057,0.0599,0.0083,0.0039,0.0007,0.0115,0.0031,0.0114,0.0277,0.0036,0.0141,0.0118,0.0036,0.0188,0.0029
2023-11-01,0.0564,0.0036,0.0296,0.0236,0.075,0.0154,0.0019,0.066,0.014,0.0014,0.0066,0.0542,0.0497,0.0167,0.0141,0.0061,0.0108,0.0048,0.0189,0.006,0.0025,0.0031,0.0328,0.0134,0.0074,0.0244,0.013,0.0017,0.0026,0.0304,0.0053,0.0028,0.0058,0.0198,0.0025,0.0048,0.0092,0.06,0.0083,0.0043,0.0013,0.0108,0.0027,0.013,0.0267,0.0036,0.0124,0.0057,0.0043,0.0167,0.001
2023-12-01,0.049,0.0017,0.023,0.0149,0.0755,0.0113,0.0023,0.0671,0.0114,0.0015,0.0062,0.0465,0.0614,0.0514,0.0128,0.0063,0.0118,0.0034,0.0107,0.0067,0.0019,0.0034,0.0309,0.0107,0.008,0.0202,0.0137,0.0017,0.0011,0.0277,0.006,0.0036,0.0077,0.0261,0.002,0.0026,0.011,0.062,0.0059,0.0021,0.002,0.0119,0.0045,0.0113,0.0197,0.0026,0.013,0.0046,0.0009,0.0161,0.0027
2024-01-01,0.0499,0.0011,0.0267,0.0136,0.0781,0.0123,0.0014,0.0552,0.0141,0.001,0.0093,0.0432,0.0804,0.2187,0.009,0.0079,0.013,0.0033,0.0076,0.0102,0.0001,0.0016,0.0324,0.008,0.0121,0.0097,0.0201,0.0043,0.0056,0.0404,0.0063,0.0036,0.0129,0.0389,0.0008,0.0026,0.0117,0.0654,0.0054,0.0029,0.0032,0.0263,0.0108,0.0102,0.0289,0.0024,0.0109,0.0073,0.0015,0.0194,0.0023
2024-02-01,0.0395,0.0004,0.0192,0.1136,0.104,0.0143,0.002,0.0799,0.0143,0.0011,0.0066,0.0421,0.0481,0.1215,0.0066,0.0057,0.006,0.0035,0.0137,0.0113,0.0035,0.0043,0.0312,0.0079,0.0048,0.0061,0.0103,0.0036,0.0014,0.0069,0.0087,0.0041,0.0121,0.0406,0.0015,0.0025,0.0074,0.043,0.0046,0.0008,0.0004,0.0135,0.0033,0.0108,0.0228,0.0028,0.0154,0.0033,0.0011,0.0214,0.0041
2024-03-01,0.0343,0.0011,0.0213,0.1809,0.1048,0.0252,0.0012,0.0975,0.0033,0.0024,0.0037,0.0491,0.0751,0.0704,0.0062,0.0058,0.0076,0.0031,0.0136,0.0117,0.009,0.0044,0.0351,0.0063,0.0058,0.0053,0.0048,0.0035,0.0006,0.0055,0.0104,0.0039,0.0203,0.0509,0.001,0.0023,0.0109,0.0363,0.0054,0.0004,0.0004,0.0096,0.0029,0.0126,0.0171,0.0022,0.0174,0.0036,0.0005,0.0367,0.0054
2024-04-01,0.0453,0.0017,0.0322,0.3554,0.1073,0.0355,0.0018,0.1041,0.0127,0.0038,0.0057,0.0574,0.1299,0.0118,0.0074,0.0049,0.0137,0.0044,0.0167,0.0189,0.0193,0.009,0.0376,0.0111,0.0078,0.0129,0.0035,0.0037,0.0008,0.0176,0.0184,0.0053,0.031,0.0576,0.0021,0.0052,0.0295,0.0332,0.007,0.0018,0.0005,0.0202,0.0087,0.0158,0.0204,0.0035,0.0186,0.0041,0.004,0.0607,0.0066
2024-05-01,0.0483,0.0012,0.0331,0.3503,0.1084,0.0259,0.0023,0.1174,0.0228,0.0073,0.0115,0.0475,0.1661,0.0088,0.0066,0.0053,0.0251,0.0051,0.0216,0.0163,0.0133,0.0019,0.0385,0.0095,0.0136,0.0149,0.003,0.008,0.003,0.0193,0.0186,0.0049,0.0219,0.0727,0.0032,0.0039,0.0331,0.0356,0.0058,0.0026,0.0032,0.0305,0.0078,0.0164,0.0239,0.0045,0.0157,0.0047,0.0052,0.0604,0.0035
2024-06-01,0.0525,0.0025,0.0283,0.3519,0.1109,0.0287,0.0025,0.1308,0.0273,0.0116,0.0264,0.0528,0.2011,0.0058,0.0089,0.0096,0.0108,0.0057,0.0266,0.0185,0.0088,0.0053,0.0414,0.0106,0.0227,0.0147,0.0073,0.0159,0.004,0.0264,0.0024,0.0056,0.0157,0.085,0.0049,0.0035,0.0368,0.0359,0.0071,0.0021,0.0038,0.0448,0.0089,0.0213,0.0185,0.0039,0.0142,0.0069,0.0032,0.0439,0.0174
2024-07-01,0.0396,0.0034,0.0216,0.3593,0.108,0.0361,0.0037,0.1554,0.0187,0.0074,0.033,0.0457,0.207,0.0045,0.0092,0.007,0.0128,0.0072,0.0164,0.0206,0.0062,0.0035,0.0426,0.0107,0.0308,0.0081,0.0407,0.0172,0.0079,0.0285,0.0039,0.0082,0.0266,0.0905,0.0056,0.0041,0.0184,0.0343,0.0053,0.0057,0.0047,0.0259,0.0133,0.0234,0.0166,0.0045,0.013,0.0109,0.0016,0.0412,0.0164
2024-08-01,0.0523,0.0018,0.0208,0.2164,0.1106,0.0366,0.0037,0.1562,0.0141,0.0065,0.0344,0.04,0.1976,0.0081,0.0088,0.0031,0.0128,0.0072,0.0181,0.0176,0.0109,0.0033,0.0338,0.0093,0.0123,0.0071,0.0668,0.0114,0.0098,0.0236,0.0043,0.0055,0.0146,0.0923,0.0038,0.0045,0.0102,0.0308,0.0037,0.0043,0.0007,0.0175,0.0109,0.0145,0.0074,0.0035,0.0123,0.0113,0.0016,0.0358,0.0003
2024-09-01,0.0376,0.0021,0.0203,0.0988,0.1125,0.04,0.0019,0.1125,0.029,0.0102,0.0321,0.038,0.2064,0.0167,0.0102,0.0144,0.0359,0.0125,0.0173,0.0162,0.0127,0.0041,0.0343,0.0052,0.0094,0.0045,0.0843,0.0074,0.0083,0.0157,0.0052,0.003,0.0133,0.1022,0.0042,0.0036,0.0071,0.0326,0.0046,0.0028,0.0004,0.0089,0.0089,0.0166,0.0038,0.0019,0.0199,0.0145,0.0053,0.0412,0.0009
2024-10-01,0.021,0.0018,0.0138,0.0783,0.1124,0.0468,0.0013,0.1048,0.1177,0.0399,0.0303,0.0415,0.2038,0.0057,0.0061,0.0222,0.0588,0.016,0.0092,0.0161,0.0169,0.0087,0.0375,0.0043,0.0101,0.0024,0.107,0.0082,0.0078,0.0164,0.0022,0.0037,0.0088,0.1177,0.0071,0.0048,0.0042,0.0348,0.0045,0.0017,0.0011,0.0064,0.007,0.0193,0.0024,0.0042,0.0232,0.0495,0.0011,0.0426,0.0003
2024-11-01,0.0379,0.0021,0.0136,0.0493,0.1133,0.0506,0.0016,0.1122,0.02,0.0032,0.0289,0.0372,0.172,0.0027,0.0078,0.0211,0.0242,0.0072,0.015,0.0145,0.0076,0.0144,0.0363,0.006,0.0239,0.0126,0.0742,0.0036,0.0027,0.0271,0.002,0.0035,0.006,0.1227,0.0025,0.0039,0.0036,0.0313,0.0035,0.0027,0.0004,0.01,0.0093,0.019,0.0033,0.0046,0.0205,0.0026,0.0017,0.04,0.0052
2024-12-01,0.0503,0.0011,0.0187,0.0406,0.1213,0.0558,0.001,0.1918,0.0101,0.0014,0.0287,0.037,0.1466,0.0027,0.0072,0.0211,0.0246,0.0073,0.0159,0.012,0.0063,0.0136,0.0376,0.0062,0.0301,0.0151,0.0651,0.0019,0.0024,0.0256,0.0025,0.0038,0.0065,0.1324,0.0016,0.0032,0.0048,0.0371,0.0025,0.004,0.0005,0.0092,0.0129,0.0143,0.0027,0.0063,0.0161,0.0049,0.0014,0.0463,0.0047
2025-01-01,0.0625,0.0028,0.0247,0.0372,0.1317,0.0604,0.0023,0.3182,0.0088,0.002,0.0513,0.0394,0.1374,0.0084,0.0087,0.0319,0.03,0.0111,0.0112,0.0138,0.0082,0.0134,0.0415,0.007,0.0612,0.0079,0.0966,0.0014,0.016,0.0279,0.009,0.0089,0.0062,0.1739,0.0034,0.0025,0.0084,0.0349,0.0034,0.0059,0.0004,0.0085,0.0212,0.0134,0.0052,0.0238,0.0087,0.0197,0.0015,0.0546,0.0075
2025-02-01,0.1038,0.0008,0.0351,0.0329,0.1348,0.066,0.0054,0.3045,0.0079,0.0025,0.0249,0.0399,0.1503,0.0125,0.0083,0.0112,0.0205,0.0028,0.0103,0.0133,0.0129,0.021,0.0464,0.0092,0.0133,0.0144,0.1421,0.001,0.0087,0.0222,0.0118,0.0104,0.0115,0.1705,0.0079,0.0004,0.0103,0.0394,0.0042,0.0075,0.0005,0.0348,0.0079,0.0149,0.0157,0.0272,0.0077,0.0318,0.0041,0.0291,0.0013
2025-03-01,0.0768,0.0008,0.0575,0.0294,0.1358,0.0439,0.0067,0.2893,0.0158,0.0038,0.0172,0.0415,0.1506,0.0146,0.0087,0.0033,0.0145,0.0023,0.0208,0.01,0.0227,0.0226,0.0511,0.007,0.0061,0.022,0.0563,0.0013,0.0019,0.0101,0.0134,0.0176,0.0135,0.1711,0.0108,0.0013,0.0134,0.0448,0.003,0.012,0.0001,0.0328,0.0079,0.0161,0.0228,0.0283,0.0089,0.0266,0.0013,0.0424,0.0018
2025-04-01,0.0869,0.0035,0.0766,0.0363,0.1382,0.0397,0.004,0.3496,0.0261,0.0084,0.0149,0.049,0.1563,0.006,0.0132,0.0037,0.0084,0.0041,0.0166,0.0091,0.0276,0.0247,0.0538,0.0108,0.0093,0.0207,0.0297,0.001,0.0032,0.0043,0.0187,0.024,0.0127,0.1786,0.0143,0.0015,0.0149,0.0658,0.0074,0.0209,0.0005,0.034,0.0063,0.0208,0.0494,0.0408,0.0152,0.0238,0.0062,0.0351,0.0026
2025-05-01,0.057,0.0242,0.0726,0.0753,0.1414,0.0602,0.0077,0.3974,0.0685,0.0195,0.0135,0.0579,0.2082,0.0081,0.0158,0.0044,0.0105,0.003,0.0188,0.0137,0.0378,0.0377,0.0664,0.0142,0.0059,0.0329,0.017,0.0073,0.0049,0.0055,0.0197,0.0341,0.0085,0.1993,0.0186,0.0077,0.0213,0.087,0.0126,0.0367,0.0008,0.052,0.0082,0.0281,0.1022,0.0592,0.0183,0.0197,0.0057,0.0261,0.0009
2025-06-01,0.0324,0.0603,0.0748,0.0936,0.1507,0.0666,0.0052,0.4172,0.1029,0.0509,0.0178,0.0702,0.2123,0.0134,0.0195,0.0058,0.0124,0.0089,0.024,0.0236,0.0624,0.0453,0.0805,0.0202,0.0079,0.0522,0.0284,0.0137,0.0123,0.011,0.0341,0.0447,0.0132,0.2068,0.0246,0.0088,0.0306,0.1007,0.0155,0.0525,0.0031,0.0299,0.0114,0.0396,0.1649,0.0867,0.0228,0.0242,0.0039,0.0285,0.0016
